 ,新字体,旧字体,部首,総画数,学年,追加年,削除年,カナ,カナ,カナ,カナ,カナ,かな,かな,かな,かな,かな,かな,かな
,亜,亞,二,,S,,,ア,,,,,,,,,,,
,哀,,口,,S,,,アイ,,,,,あわ-れ,あわ-れむ,,,,,
,挨,,手,,S,,,アイ,,,,,,,,,,,
,愛,,心,,,,,アイ,,,,,,,,,,,
,曖,,日,,S,,,アイ,,,,,,,,,,,
,悪,惡,心,,,,,アク,オ,,,,わる-い,,,,,,
,握,,手,,S,,,アク,,,,,にぎ-る,,,,,,
,圧,壓,土,,,,,アツ,,,,,,,,,,,
,扱,,手,,S,,,,,,,,あつか-う,,,,,,
,宛,,宀,,S,,,,,,,,あ-てる,,,,,,
,嵐,,山,,S,,,,,,,,あらし,,,,,,
,安,,宀,,,,,アン,,,,,やす-い,,,,,,
,案,,木,,,,,アン,,,,,,,,,,,
,暗,,日,,,,,アン,,,,,くら-い,,,,,,
,以,,人,,,,,イ,,,,,,,,,,,
,衣,,衣,,,,,イ,,,,,ころも,,,,,,
,位,,人,,,,,イ,,,,,くらい,,,,,,
,囲,圍,囗,,,,,イ,,,,,かこ-む,かこ-う,,,,,
,医,醫,酉,,,,,イ,,,,,,,,,,,
,依,,人,,S,,,イ,（エ）,,,,,,,,,,
,委,,女,,,,,イ,,,,,ゆだ-ねる,,,,,,
,威,,女,,S,,,イ,,,,,,,,,,,
,為,爲,爪,,S,,,イ,,,,,,,,,,,
,畏,,田,,S,,,イ,,,,,おそ-れる,,,,,,
,胃,,肉,,,,,イ,,,,,,,,,,,
,尉,,寸,,S,,,イ,,,,,,,,,,,
,異,,田,,,,,イ,,,,,こと,,,,,,
,移,,禾,,,,,イ,,,,,うつ-る,うつ-す,,,,,
,萎,,艸,,S,,,イ,,,,,な-える,,,,,,
,偉,,人,,S,,,イ,,,,,えら-い,,,,,,
,椅,,木,,S,,,イ,,,,,,,,,,,
,彙 ,,彐,,S,,,イ,,,,,,,,,,,
,意,,心,,,,,イ,,,,,,,,,,,
,違,,辵,,S,,,イ,,,,,ちが-う,ちが-える,,,,,
,維,,糸,,S,,,イ,,,,,,,,,,,
,慰,,心,,S,,,イ,,,,,なぐさ-める,なぐさ-む,,,,,
,遺,,辵,,,,,イ,（ユイ）,,,,,,,,,,
,緯,,糸,,S,,,イ,,,,,,,,,,,
,域,,土,,,,,イキ,,,,,,,,,,,
,育,,肉,,,,,イク,,,,,そだ-つ,そだ-てる,はぐく-む,,,,
,一,,一,,,,,イチ,イツ,,,,ひと,ひと-つ,,,,,
,壱,壹,士,,S,,,イチ,,,,,,,,,,,
,逸,逸 ,辵,,S,,,イツ,,,,,,,,,,,
,茨 ,,艸,,S,,,,,,,,（いばら）,,,,,,
,芋,,艸,,S,,,,,,,,いも,,,,,,
,引,,弓,,,,,イン,,,,,ひ-く,ひ-ける,,,,,
,印,,卩,,,,,イン,,,,,しるし,,,,,,
,因,,囗,,,,,イン,,,,,よ-る,,,,,,
,咽,,口,,S,,,イン,,,,,,,,,,,
,姻,,女,,S,,,イン,,,,,,,,,,,
,員,,口,,,,,イン,,,,,,,,,,,
,院,,阜,,,,,イン,,,,,,,,,,,
,淫 ,,水,,S,,,イン,,,,,みだ-ら,,,,,,
,陰,,阜,,S,,,イン,,,,,かげ,かげ-る,,,,,
,飲,,食,,,,,イン,,,,,の-む,,,,,,
,隠,隱,阜,,S,,,イン,,,,,かく-す,かく-れる,,,,,
,韻,,音,,S,,,イン,,,,,,,,,,,
,右,,口,,,,,ウ,ユウ,,,,みぎ,,,,,,
,宇,,宀,,,,,ウ,,,,,,,,,,,
,羽,,羽,,,,,ウ,,,,,は,はね,,,,,
,雨,,雨,,,,,ウ,,,,,あめ,（あま）,,,,,
,唄,,口,,S,,,,,,,,（うた）,,,,,,
,鬱,,鬯,,S,,,ウツ,,,,,,,,,,,
,畝,,田,,S,,,,,,,,うね,,,,,,
,浦,,水,,S,,,,,,,,うら,,,,,,
,運,,辵,,,,,ウン,,,,,はこ-ぶ,,,,,,
,雲,,雨,,,,,ウン,,,,,くも,,,,,,
,永,,水,,,,,エイ,,,,,なが-い,,,,,,
,泳,,水,,,,,エイ,,,,,およ-ぐ,,,,,,
,英,,艸,,,,,エイ,,,,,,,,,,,
,映,,日,,,,,エイ,,,,,うつ-る,うつ-す,は-える,,,,
,栄,榮,木,,,,,エイ,,,,,さか-える,は-え,は-える,,,,
,営,營,火,,,,,エイ,,,,,いとな-む,,,,,,
,詠,,言,,S,,,エイ,,,,,よ-む,,,,,,
,影,,彡,,S,,,エイ,,,,,かげ,,,,,,
,鋭,,金,,S,,,エイ,,,,,するど-い,,,,,,
,衛,衞,行,,,,,エイ,,,,,,,,,,,
,易,,日,,,,,エキ,イ,,,,やさ-しい,,,,,,
,疫,,疒,,S,,,エキ,（ヤク）,,,,,,,,,,
,益,,皿,,,,,エキ,（ヤク）,,,,,,,,,,
,液,,水,,,,,エキ,,,,,,,,,,,
,駅,驛,馬,,,,,エキ,,,,,,,,,,,
,悦,,心,,S,,,エツ,,,,,,,,,,,
,越,,走,,S,,,エツ,,,,,こ-す,こ-える,,,,,
,謁,謁 ,言,,S,,,エツ,,,,,,,,,,,
,閲,,門,,S,,,エツ,,,,,,,,,,,
,円,圓,囗,,,,,エン,,,,,まる-い,,,,,,
,延,,廴,,,,,エン,,,,,の-びる,の-べる,の-ばす,,,,
,沿,,水,,,,,エン,,,,,そ-う,,,,,,
,炎,,火,,S,,,エン,,,,,ほのお,,,,,,
,怨,,心,,S,,,エン,オン,,,,,,,,,,
,宴,,宀,,S,,,エン,,,,,,,,,,,
,媛,,女,,S,,,エン,,,,,,,,,,,
,援,,手,,S,,,エン,,,,,,,,,,,
,園,,囗,,,,,エン,,,,,その,,,,,,
,煙,,火,,S,,,エン,,,,,けむ-る,けむり,けむ-い,,,,
,猿,,犬,,S,,,エン,,,,,さる,,,,,,
,遠,,辵,,,,,エン,（オン）,,,,とお-い,,,,,,
,鉛,,金,,S,,,エン,,,,,なまり,,,,,,
,塩,鹽,鹵,,,,,エン,,,,,しお,,,,,,
,演,,水,,,,,エン,,,,,,,,,,,
,縁,緣,糸,,S,,,エン,,,,,ふち,,,,,,
,艶,艷,色,,S,,,エン,,,,,つや,,,,,,
,汚,,水,,S,,,オ,,,,,けが-す,けが-れる,けが-らわしい,よご-す,よご-れる,きたな-い,
,王,,玉,,,,,オウ,,,,,,,,,,,
,凹,,凵,,S,,,オウ,,,,,,,,,,,
,央,,大,,,,,オウ,,,,,,,,,,,
,応,應,心,,,,,オウ,,,,,こた-える,,,,,,
,往,,彳,,,,,オウ,,,,,,,,,,,
,押,,手,,S,,,オウ,,,,,お-す,お-さえる,,,,,
,旺,,日,,S,,,オウ,,,,,,,,,,,
,欧,歐,欠,,S,,,オウ,,,,,,,,,,,
,殴,毆,殳,,S,,,オウ,,,,,なぐ-る,,,,,,
,桜,櫻,木,,,,,オウ,,,,,さくら,,,,,,
,翁,,羽,,S,,,オウ,,,,,,,,,,,
,奥,奧,大,,S,,,オウ,,,,,おく,,,,,,
,横,橫,木,,,,,オウ,,,,,よこ,,,,,,
,岡,,山,,S,,,,,,,,（おか）,,,,,,
,屋,,尸,,,,,オク,,,,,や,,,,,,
,億,,人,,,,,オク,,,,,,,,,,,
,憶,,心,,S,,,オク,,,,,,,,,,,
,臆 ,,肉,,S,,,オク,,,,,,,,,,,
,虞,,虍,,S,,,,,,,,おそれ,,,,,,
,乙,,乙,,S,,,オツ,,,,,,,,,,,
,俺,,人,,S,,,,,,,,おれ,,,,,,
,卸,,卩,,S,,,,,,,,おろ-す,おろし,,,,,
,音,,音,,,,,オン,イン,,,,おと,ね,,,,,
,恩,,心,,,,,オン,,,,,,,,,,,
,温,溫,水,,,,,オン,,,,,あたた-か,あたた-かい,あたた-まる,あたた-める,,,
,穏,穩,禾,,S,,,オン,,,,,おだ-やか,,,,,,
,下,,一,,,,,カ,ゲ,,,,した,しも,もと,さ-げる,さ-がる,くだ-る,
,化,,匕,,,,,カ,ケ,,,,ば-ける,ば-かす,,,,,
,火,,火,,,,,カ,,,,,ひ,（ほ）,,,,,
,加,,力,,,,,カ,,,,,くわ-える,くわ-わる,,,,,
,可,,口,,,,,カ,,,,,,,,,,,
,仮,假,人,,,,,カ,（ケ）,,,,かり,,,,,,
,何,,人,,,,,カ,,,,,なに,（なん）,,,,,
,花,,艸,,,,,カ,,,,,はな,,,,,,
,佳,,人,,S,,,カ,,,,,,,,,,,
,価,價,人,,,,,カ,,,,,あたい,,,,,,
,果,,木,,,,,カ,,,,,は-たす,は-てる,は-て,,,,
,河,,水,,,,,カ,,,,,かわ,,,,,,
,苛,,艸,,S,,,カ,,,,,,,,,,,
,科,,禾,,,,,カ,,,,,,,,,,,
,架,,木,,S,,,カ,,,,,か-ける,か-かる,,,,,
,夏,,夊,,,,,カ,（ゲ）,,,,なつ,,,,,,
,家,,宀,,,,,カ,ケ,,,,いえ,や,,,,,
,荷,,艸,,,,,カ,,,,,に,,,,,,
,華,,艸,,S,,,カ,（ケ）,,,,はな,,,,,,
,菓,,艸,,S,,,カ,,,,,,,,,,,
,貨,,貝,,,,,カ,,,,,,,,,,,
,渦,,水,,S,,,カ,,,,,うず,,,,,,
,過,,辵,,,,,カ,,,,,す-ぎる,す-ごす,あやま-つ,あやま-ち,,,
,嫁,,女,,S,,,カ,,,,,よめ,とつ-ぐ,,,,,
,暇,,日,,S,,,カ,,,,,ひま,,,,,,
,禍,禍 ,示,,S,,,カ,,,,,,,,,,,
,靴,,革,,S,,,カ,,,,,くつ,,,,,,
,寡,,宀,,S,,,カ,,,,,,,,,,,
,歌,,欠,,,,,カ,,,,,うた,うた-う,,,,,
,箇,,竹,,S,,,カ,,,,,,,,,,,
,稼,,禾,,S,,,カ,,,,,かせ-ぐ,,,,,,
,課,,言,,,,,カ,,,,,,,,,,,
,蚊,,虫,,S,,,,,,,,か,,,,,,
,牙 ,,牙,,S,,,ガ,（ゲ）,,,,きば,,,,,,
,瓦,,瓦,,S,,,ガ,,,,,かわら,,,,,,
,我,,戈,,,,,ガ,,,,,われ,わ,,,,,
,画,畫,田,,,,,ガ,カク,,,,,,,,,,
,芽,,艸,,,,,ガ,,,,,め,,,,,,
,賀,,貝,,,,,ガ,,,,,,,,,,,
,雅,,隹,,S,,,ガ,,,,,,,,,,,
,餓,,食,,S,,,ガ,,,,,,,,,,,
,介,,人,,S,,,カイ,,,,,,,,,,,
,回,,囗,,,,,カイ,（エ）,,,,まわ-る,まわ-す,,,,,
,灰,,火,,,,,カイ,,,,,はい,,,,,,
,会,會,曰,,,,,カイ,エ,,,,あ-う,,,,,,
,快,,心,,,,,カイ,,,,,こころよ-い,,,,,,
,戒,,戈,,S,,,カイ,,,,,いまし-める,,,,,,
,改,,攴,,,,,カイ,,,,,あらた-める,あらた-まる,,,,,
,怪,,心,,S,,,カイ,,,,,あや-しい,あや-しむ,,,,,
,拐,,手,,S,,,カイ,,,,,,,,,,,
,悔,悔 ,心,,S,,,カイ,,,,,く-いる,く-やむ,くや-しい,,,,
,海,海 ,水,,,,,カイ,,,,,うみ,,,,,,
,界,,田,,,,,カイ,,,,,,,,,,,
,皆,,白,,S,,,カイ,,,,,みな,,,,,,
,械,,木,,,,,カイ,,,,,,,,,,,
,絵,繪,糸,,,,,カイ,エ,,,,,,,,,,
,開,,門,,,,,カイ,,,,,ひら-く,ひら-ける,あ-く,あ-ける,,,
,階,,阜,,,,,カイ,,,,,,,,,,,
,塊,,土,,S,,,カイ,,,,,かたまり,,,,,,
,楷,,木,,S,,,カイ,,,,,,,,,,,
,解,,角,,,,,カイ,ゲ,,,,と-く,と-かす,と-ける,,,,
,潰,,水,,S,,,カイ,,,,,つぶ-す,つぶ-れる,,,,,
,壊,壞,土,,S,,,カイ,,,,,こわ-す,こわ-れる,,,,,
,懐,懷,心,,S,,,カイ,,,,,ふところ,なつ-かしい,なつ-かしむ,なつ-く,なつ-ける,,
,諧,,言,,S,,,カイ,,,,,,,,,,,
,貝,,貝,,,,,,,,,,かい,,,,,,
,外,,夕,,,,,ガイ,ゲ,,,,そと,ほか,はず-す,はず-れる,,,
,劾,,力,,S,,,ガイ,,,,,,,,,,,
,害,,宀,,,,,ガイ,,,,,,,,,,,
,崖,,山,,S,,,ガイ,,,,,がけ,,,,,,
,涯,,水,,S,,,ガイ,,,,,,,,,,,
,街,,行,,,,,ガイ,（カイ）,,,,まち,,,,,,
,慨,慨 ,心,,S,,,ガイ,,,,,,,,,,,
,蓋,,艸,,S,,,ガイ,,,,,ふた,,,,,,
,該,,言,,S,,,ガイ,,,,,,,,,,,
,概,槪,木,,S,,,ガイ,,,,,,,,,,,
,骸 ,,骨,,S,,,ガイ,,,,,,,,,,,
,垣,,土,,S,,,,,,,,かき,,,,,,
,柿,,木,,S,,,,,,,,かき,,,,,,
,各,,口,,,,,カク,,,,,おのおの,,,,,,
,角,,角,,,,,カク,,,,,かど,つの,,,,,
,拡,擴,手,,,,,カク,,,,,,,,,,,
,革,,革,,,,,カク,,,,,かわ,,,,,,
,格,,木,,,,,カク,（コウ）,,,,,,,,,,
,核,,木,,S,,,カク,,,,,,,,,,,
,殻,殼,殳,,S,,,カク,,,,,から,,,,,,
,郭,,邑,,S,,,カク,,,,,,,,,,,
,覚,覺,見,,,,,カク,,,,,おぼ-える,さ-ます,さ-める,,,,
,較,,車,,S,,,カク,,,,,,,,,,,
,隔,,阜,,S,,,カク,,,,,へだ-てる,へだ-たる,,,,,
,閣,,門,,,,,カク,,,,,,,,,,,
,確,,石,,,,,カク,,,,,たし-か,たし-かめる,,,,,
,獲,,犬,,S,,,カク,,,,,え-る,,,,,,
,嚇,,口,,S,,,カク,,,,,,,,,,,
,穫,,禾,,S,,,カク,,,,,,,,,,,
,学,學,子,,,,,ガク,,,,,まな-ぶ,,,,,,
,岳,嶽,山,,S,,,ガク,,,,,たけ,,,,,,
,楽,樂,木,,,,,ガク,ラク,,,,たの-しい,たの-しむ,,,,,
,額,,頁,,,,,ガク,,,,,ひたい,,,,,,
,顎,,頁,,S,,,ガク,,,,,あご,,,,,,
,掛,,手,,S,,,,,,,,か-ける,か-かる,かかり,,,,
,潟,,水,,S,,,,,,,,かた,,,,,,
,括,,手,,S,,,カツ,,,,,,,,,,,
,活,,水,,,,,カツ,,,,,,,,,,,
,喝,喝 ,口,,S,,,カツ,,,,,,,,,,,
,渇,渴,水,,S,,,カツ,,,,,かわ-く,,,,,,
,割,,刀,,,,,カツ,,,,,わ-る,わり,わ-れる,さ-く,,,
,葛 ,,艸,,S,,,カツ,,,,,くず,,,,,,
,滑,,水,,S,,,カツ,コツ,,,,すべ-る,なめ-らか,,,,,
,褐,褐 ,衣,,S,,,カツ,,,,,,,,,,,
,轄,,車,,S,,,カツ,,,,,,,,,,,
,且,,一,,S,,,,,,,,か-つ,,,,,,
,株,,木,,,,,,,,,,かぶ,,,,,,
,釜,,金,,S,,,,,,,,かま,,,,,,
,鎌,,金,,S,,,,,,,,かま,,,,,,
,刈,,刀,,S,,,,,,,,か-る,,,,,,
,干,,干,,,,,カン,,,,,ほ-す,ひ-る,,,,,
,刊,,刀,,,,,カン,,,,,,,,,,,
,甘,,甘,,S,,,カン,,,,,あま-い,あま-える,あま-やかす,,,,
,汗,,水,,S,,,カン,,,,,あせ,,,,,,
,缶,罐,缶,,S,,,カン,,,,,,,,,,,
,完,,宀,,,,,カン,,,,,,,,,,,
,肝,,肉,,S,,,カン,,,,,きも,,,,,,
,官,,宀,,,,,カン,,,,,,,,,,,
,冠,,冖,,S,,,カン,,,,,かんむり,,,,,,
,巻,卷,卩,,,,,カン,,,,,ま-く,まき,,,,,
,看,,目,,,,,カン,,,,,,,,,,,
,陥,陷,阜,,S,,,カン,,,,,おちい-る,おとしい-れる,,,,,
,乾,,乙,,S,,,カン,,,,,かわ-く,かわ-かす,,,,,
,勘,,力,,S,,,カン,,,,,,,,,,,
,患,,心,,S,,,カン,,,,,わずら-う,,,,,,
,貫,,貝,,S,,,カン,,,,,つらぬ-く,,,,,,
,寒,,宀,,,,,カン,,,,,さむ-い,,,,,,
,喚,,口,,S,,,カン,,,,,,,,,,,
,堪,,土,,S,,,カン,,,,,た-える,,,,,,
,換,,手,,S,,,カン,,,,,か-える,か-わる,,,,,
,敢,,攴,,S,,,カン,,,,,,,,,,,
,棺,,木,,S,,,カン,,,,,,,,,,,
,款,,欠,,S,,,カン,,,,,,,,,,,
,間,,門,,,,,カン,ケン,,,,あいだ,ま,,,,,
,閑,,門,,S,,,カン,,,,,,,,,,,
,勧,勸,力,,S,,,カン,,,,,すす-める,,,,,,
,寛,寬,宀,,S,,,カン,,,,,,,,,,,
,幹,,干,,,,,カン,,,,,みき,,,,,,
,感,,心,,,,,カン,,,,,,,,,,,
,漢,漢 ,水,,,,,カン,,,,,,,,,,,
,慣,,心,,,,,カン,,,,,な-れる,な-らす,,,,,
,管,,竹,,,,,カン,,,,,くだ,,,,,,
,関,關,門,,,,,カン,,,,,せき,かか-わる,,,,,
,歓,歡,欠,,S,,,カン,,,,,,,,,,,
,監,,皿,,S,,,カン,,,,,,,,,,,
,緩,,糸,,S,,,カン,,,,,ゆる-い,ゆる-やか,ゆる-む,ゆる-める,,,
,憾,,心,,S,,,カン,,,,,,,,,,,
,還,,辵,,S,,,カン,,,,,,,,,,,
,館,,食,,,,,カン,,,,,やかた,,,,,,
,環,,玉,,S,,,カン,,,,,,,,,,,
,簡,,竹,,,,,カン,,,,,,,,,,,
,観,觀,見,,,,,カン,,,,,,,,,,,
,韓 ,,韋,,S,,,カン,,,,,,,,,,,
,艦,,舟,,S,,,カン,,,,,,,,,,,
,鑑,,金,,S,,,カン,,,,,かんが-みる,,,,,,
,丸,,丶,,,,,ガン,,,,,まる,まる-い,まる-める,,,,
,含,,口,,S,,,ガン,,,,,ふく-む,ふく-める,,,,,
,岸,,山,,,,,ガン,,,,,きし,,,,,,
,岩,,山,,,,,ガン,,,,,いわ,,,,,,
,玩,,玉,,S,,,ガン,,,,,,,,,,,
,眼,,目,,,,,ガン,（ゲン）,,,,まなこ,,,,,,
,頑,,頁,,S,,,ガン,,,,,,,,,,,
,顔,,頁,,,,,ガン,,,,,かお,,,,,,
,願,,頁,,,,,ガン,,,,,ねが-う,,,,,,
,企,,人,,S,,,キ,,,,,くわだ-てる,,,,,,
,伎,,人,,S,,,キ,,,,,,,,,,,
,危,,卩,,,,,キ,,,,,あぶ-ない,あや-うい,あや-ぶむ,,,,
,机,,木,,,,,キ,,,,,つくえ,,,,,,
,気,氣,气,,,,,キ,ケ,,,,,,,,,,
,岐,,山,,S,,,キ,,,,,,,,,,,
,希,,巾,,,,,キ,,,,,,,,,,,
,忌,,心,,S,,,キ,,,,,い-む,い-まわしい,,,,,
,汽,,水,,,,,キ,,,,,,,,,,,
,奇,,大,,S,,,キ,,,,,,,,,,,
,祈,祈 ,示,,S,,,キ,,,,,いの-る,,,,,,
,季,,子,,,,,キ,,,,,,,,,,,
,紀,,糸,,,,,キ,,,,,,,,,,,
,軌,,車,,S,,,キ,,,,,,,,,,,
,既,既 ,无,,S,,,キ,,,,,すで-に,,,,,,
,記,,言,,,,,キ,,,,,しる-す,,,,,,
,起,,走,,,,,キ,,,,,お-きる,お-こる,お-こす,,,,
,飢,,食,,S,,,キ,,,,,う-える,,,,,,
,鬼,,鬼,,S,,,キ,,,,,おに,,,,,,
,帰,歸,止,,,,,キ,,,,,かえ-る,かえ-す,,,,,
,基,,土,,,,,キ,,,,,もと,もとい,,,,,
,寄,,宀,,,,,キ,,,,,よ-る,よ-せる,,,,,
,規,,見,,,,,キ,,,,,,,,,,,
,亀,龜,龜,,S,,,キ,,,,,かめ,,,,,,
,喜,,口,,,,,キ,,,,,よろこ-ぶ,,,,,,
,幾,,幺,,S,,,キ,,,,,いく,,,,,,
,揮,,手,,,,,キ,,,,,,,,,,,
,期,,月,,,,,キ,（ゴ）,,,,,,,,,,
,棋,,木,,S,,,キ,,,,,,,,,,,
,貴,,貝,,,,,キ,,,,,たっと-い,とうと-い,たっと-ぶ,とうと-ぶ,,,
,棄,,木,,S,,,キ,,,,,,,,,,,
,毀,,殳,,S,,,キ,,,,,,,,,,,
,旗,,方,,,,,キ,,,,,はた,,,,,,
,器,器 ,口,,,,,キ,,,,,うつわ,,,,,,
,畿,,田,,S,,,キ,,,,,,,,,,,
,輝,,車,,S,,,キ,,,,,かがや-く,,,,,,
,機,,木,,,,,キ,,,,,はた,,,,,,
,騎,,馬,,S,,,キ,,,,,,,,,,,
,技,,手,,,,,ギ,,,,,わざ,,,,,,
,宜,,宀,,S,,,ギ,,,,,,,,,,,
,偽,僞,人,,S,,,ギ,,,,,いつわ-る,にせ,,,,,
,欺,,欠,,S,,,ギ,,,,,あざむ-く,,,,,,
,義,,羊,,,,,ギ,,,,,,,,,,,
,疑,,疋,,,,,ギ,,,,,うたが-う,,,,,,
,儀,,人,,S,,,ギ,,,,,,,,,,,
,戯,戲,戈,,S,,,ギ,,,,,たわむ-れる,,,,,,
,擬,,手,,S,,,ギ,,,,,,,,,,,
,犠,犧,牛,,S,,,ギ,,,,,,,,,,,
,議,,言,,,,,ギ,,,,,,,,,,,
,菊,,艸,,S,,,キク,,,,,,,,,,,
,吉,,口,,S,,,キチ,キツ,,,,,,,,,,
,喫,,口,,S,,,キツ,,,,,,,,,,,
,詰,,言,,S,,,キツ,,,,,つ-める,つ-まる,つ-む,,,,
,却,,卩,,S,,,キャク,,,,,,,,,,,
,客,,宀,,,,,キャク,カク,,,,,,,,,,
,脚,,肉,,S,,,キャク,（キャ）,,,,あし,,,,,,
,逆,,辵,,,,,ギャク,,,,,さか,さか-らう,,,,,
,虐,,虍,,S,,,ギャク,,,,,しいた-げる,,,,,,
,九,,乙,,,,,キュウ,ク,,,,ここの,ここの-つ,,,,,
,久,,丿,,,,,キュウ,（ク）,,,,ひさ-しい,,,,,,
,及,,又,,S,,,キュウ,,,,,およ-ぶ,およ-び,およ-ぼす,,,,
,弓,,弓,,,,,キュウ,,,,,ゆみ,,,,,,
,丘,,一,,S,,,キュウ,,,,,おか,,,,,,
,旧,舊,臼,,,,,キュウ,,,,,,,,,,,
,休,,人,,,,,キュウ,,,,,やす-む,やす-まる,やす-める,,,,
,吸,,口,,,,,キュウ,,,,,す-う,,,,,,
,朽,,木,,S,,,キュウ,,,,,く-ちる,,,,,,
,臼,,臼,,S,,,キュウ,,,,,うす,,,,,,
,求,,水,,,,,キュウ,,,,,もと-める,,,,,,
,究,,穴,,,,,キュウ,,,,,きわ-める,,,,,,
,泣,,水,,,,,キュウ,,,,,な-く,,,,,,
,急,,心,,,,,キュウ,,,,,いそ-ぐ,,,,,,
,級,,糸,,,,,キュウ,,,,,,,,,,,
,糾,,糸,,S,,,キュウ,,,,,,,,,,,
,宮,,宀,,,,,キュウ,グウ,（ク）,,,みや,,,,,,
,救,,攴,,,,,キュウ,,,,,すく-う,,,,,,
,球,,玉,,,,,キュウ,,,,,たま,,,,,,
,給,,糸,,,,,キュウ,,,,,,,,,,,
,嗅 ,,口,,S,,,キュウ,,,,,か-ぐ,,,,,,
,窮,,穴,,S,,,キュウ,,,,,きわ-める,きわ-まる,,,,,
,牛,,牛,,,,,ギュウ,,,,,うし,,,,,,
,去,,厶,,,,,キョ,コ,,,,さ-る,,,,,,
,巨,,工,,S,,,キョ,,,,,,,,,,,
,居,,尸,,,,,キョ,,,,,い-る,,,,,,
,拒,,手,,S,,,キョ,,,,,こば-む,,,,,,
,拠,據,手,,S,,,キョ,コ,,,,,,,,,,
,挙,擧,手,,,,,キョ,,,,,あ-げる,あ-がる,,,,,
,虚,虛,虍,,S,,,キョ,（コ）,,,,,,,,,,
,許,,言,,,,,キョ,,,,,ゆる-す,,,,,,
,距,,足,,S,,,キョ,,,,,,,,,,,
,魚,,魚,,,,,ギョ,,,,,うお,さかな,,,,,
,御,,彳,,S,,,ギョ,ゴ,,,,おん,,,,,,
,漁,,水,,,,,ギョ,リョウ,,,,,,,,,,
,凶,,凵,,S,,,キョウ,,,,,,,,,,,
,共,,八,,,,,キョウ,,,,,とも,,,,,,
,叫,,口,,S,,,キョウ,,,,,さけ-ぶ,,,,,,
,狂,,犬,,S,,,キョウ,,,,,くる-う,くる-おしい,,,,,
,京,,亠,,,,,キョウ,ケイ,,,,,,,,,,
,享,,亠,,S,,,キョウ,,,,,,,,,,,
,供,,人,,,,,キョウ,（ク）,,,,そな-える,とも,,,,,
,協,,十,,,,,キョウ,,,,,,,,,,,
,況,,水,,S,,,キョウ,,,,,,,,,,,
,峡,峽,山,,S,,,キョウ,,,,,,,,,,,
,挟,挾,手,,S,,,キョウ,,,,,はさ-む,はさ-まる,,,,,
,狭,狹,犬,,S,,,キョウ,,,,,せま-い,せば-める,せば-まる,,,,
,恐,,心,,S,,,キョウ,,,,,おそ-れる,おそ-ろしい,,,,,
,恭,,心,,S,,,キョウ,,,,,うやうや-しい,,,,,,
,胸,,肉,,,,,キョウ,,,,,むね,（むな）,,,,,
,脅,,肉,,S,,,キョウ,,,,,おびや-かす,おど-す,おど-かす,,,,
,強,,弓,,,,,キョウ,ゴウ,,,,つよ-い,つよ-まる,つよ-める,し-いる,,,
,教,,攴,,,,,キョウ,,,,,おし-える,おそ-わる,,,,,
,郷,鄕,邑,,,,,キョウ,ゴウ,,,,,,,,,,
,境,,土,,,,,キョウ,（ケイ）,,,,さかい,,,,,,
,橋,,木,,,,,キョウ,,,,,はし,,,,,,
,矯,,矢,,S,,,キョウ,,,,,た-める,,,,,,
,鏡,,金,,,,,キョウ,,,,,かがみ,,,,,,
,競,,立,,,,,キョウ,ケイ,,,,きそ-う,せ-る,,,,,
,響,響 ,音,,S,,,キョウ,,,,,ひび-く,,,,,,
,驚,,馬,,S,,,キョウ,,,,,おどろ-く,おどろ-かす,,,,,
,仰,,人,,S,,,ギョウ,（コウ）,,,,あお-ぐ,おお-せ,,,,,
,暁,曉,日,,S,,,ギョウ,,,,,あかつき,,,,,,
,業,,木,,,,,ギョウ,ゴウ,,,,わざ,,,,,,
,凝,,冫,,S,,,ギョウ,,,,,こ-る,こ-らす,,,,,
,曲,,曰,,,,,キョク,,,,,ま-がる,ま-げる,,,,,
,局,,尸,,,,,キョク,,,,,,,,,,,
,極,,木,,,,,キョク,ゴク,,,,きわ-める,きわ-まる,きわ-み,,,,
,玉,,玉,,,,,ギョク,,,,,たま,,,,,,
,巾,,巾,,S,,,キン,,,,,,,,,,,
,斤,,斤,,S,,,キン,,,,,,,,,,,
,均,,土,,,,,キン,,,,,,,,,,,
,近,,辵,,,,,キン,,,,,ちか-い,,,,,,
,金,,金,,,,,キン,コン,,,,かね,（かな）,,,,,
,菌,,艸,,S,,,キン,,,,,,,,,,,
,勤,勤 ,力,,,,,キン,（ゴン）,,,,つと-める,つと-まる,,,,,
,琴,,玉,,S,,,キン,,,,,こと,,,,,,
,筋,,竹,,,,,キン,,,,,すじ,,,,,,
,僅 ,,人,,S,,,キン,,,,,わず-か,,,,,,
,禁,,示,,,,,キン,,,,,,,,,,,
,緊,,糸,,S,,,キン,,,,,,,,,,,
,錦,,金,,S,,,キン,,,,,にしき,,,,,,
,謹,謹 ,言,,S,,,キン,,,,,つつし-む,,,,,,
,襟,,衣,,S,,,キン,,,,,えり,,,,,,
,吟,,口,,S,,,ギン,,,,,,,,,,,
,銀,,金,,,,,ギン,,,,,,,,,,,
,区,區,匸,,,,,ク,,,,,,,,,,,
,句,,口,,,,,ク,,,,,,,,,,,
,苦,,艸,,,,,ク,,,,,くる-しい,くる-しむ,くる-しめる,にが-い,にが-る,,
,駆,驅,馬,,S,,,ク,,,,,か-ける,か-る,,,,,
,具,,八,,,,,グ,,,,,,,,,,,
,惧 ,,心,,S,,,グ,,,,,,,,,,,
,愚,,心,,S,,,グ,,,,,おろ-か,,,,,,
,空,,穴,,,,,クウ,,,,,そら,あ-く,あ-ける,から,,,
,偶,,人,,S,,,グウ,,,,,,,,,,,
,遇,,辵,,S,,,グウ,,,,,,,,,,,
,隅,,阜,,S,,,グウ,,,,,すみ,,,,,,
,串,,丨,,S,,,,,,,,くし,,,,,,
,屈,,尸,,S,,,クツ,,,,,,,,,,,
,掘,,手,,S,,,クツ,,,,,ほ-る,,,,,,
,窟,,穴,,S,,,クツ,,,,,,,,,,,
,熊,,火,,S,,,,,,,,くま,,,,,,
,繰,,糸,,S,,,,,,,,く-る,,,,,,
,君,,口,,,,,クン,,,,,きみ,,,,,,
,訓,,言,,,,,クン,,,,,,,,,,,
,勲,勳,力,,S,,,クン,,,,,,,,,,,
,薫,薰,艸,,S,,,クン,,,,,かお-る,,,,,,
,軍,,車,,,,,グン,,,,,,,,,,,
,郡,,邑,,,,,グン,,,,,,,,,,,
,群,,羊,,,,,グン,,,,,む-れる,む-れ,（むら）,,,,
,兄,,儿,,,,,ケイ,（キョウ）,,,,あに,,,,,,
,刑,,刀,,S,,,ケイ,,,,,,,,,,,
,形,,彡,,,,,ケイ,ギョウ,,,,かた,かたち,,,,,
,系,,糸,,,,,ケイ,,,,,,,,,,,
,径,徑,彳,,,,,ケイ,,,,,,,,,,,
,茎,莖,艸,,S,,,ケイ,,,,,くき,,,,,,
,係,,人,,,,,ケイ,,,,,かか-る,かかり,,,,,
,型,,土,,,,,ケイ,,,,,かた,,,,,,
,契,,大,,S,,,ケイ,,,,,ちぎ-る,,,,,,
,計,,言,,,,,ケイ,,,,,はか-る,はか-らう,,,,,
,恵,惠,心,,S,,,ケイ,エ,,,,めぐ-む,,,,,,
,啓,,口,,S,,,ケイ,,,,,,,,,,,
,掲,揭,手,,S,,,ケイ,,,,,かか-げる,,,,,,
,渓,溪,水,,S,,,ケイ,,,,,,,,,,,
,経,經,糸,,,,,ケイ,キョウ,,,,へ-る,,,,,,
,蛍,螢,虫,,S,,,ケイ,,,,,ほたる,,,,,,
,敬,,攴,,,,,ケイ,,,,,うやま-う,,,,,,
,景,,日,,,,,ケイ,,,,,,,,,,,
,軽,輕,車,,,,,ケイ,,,,,かる-い,かろ-やか,,,,,
,傾,,人,,S,,,ケイ,,,,,かたむ-く,かたむ-ける,,,,,
,携,,手,,S,,,ケイ,,,,,たずさ-える,たずさ-わる,,,,,
,継,繼,糸,,S,,,ケイ,,,,,つ-ぐ,,,,,,
,詣,,言,,S,,,ケイ,,,,,もう-でる,,,,,,
,慶,,心,,S,,,ケイ,,,,,,,,,,,
,憬,,心,,S,,,ケイ,,,,,,,,,,,
,稽 ,,禾,,S,,,ケイ,,,,,,,,,,,
,憩,,心,,S,,,ケイ,,,,,いこ-い,いこ-う,,,,,
,警,,言,,,,,ケイ,,,,,,,,,,,
,鶏,鷄,鳥,,S,,,ケイ,,,,,にわとり,,,,,,
,芸,藝,艸,,,,,ゲイ,,,,,,,,,,,
,迎,,辵,,S,,,ゲイ,,,,,むか-える,,,,,,
,鯨,,魚,,S,,,ゲイ,,,,,くじら,,,,,,
,隙,,阜,,S,,,ゲキ,,,,,すき,,,,,,
,劇,,刀,,,,,ゲキ,,,,,,,,,,,
,撃,擊,手,,S,,,ゲキ,,,,,う-つ,,,,,,
,激,,水,,,,,ゲキ,,,,,はげ-しい,,,,,,
,桁,,木,,S,,,,,,,,けた,,,,,,
,欠,缺,缶,,,,,ケツ,,,,,か-ける,か-く,,,,,
,穴,,穴,,,,,ケツ,,,,,あな,,,,,,
,血,,血,,,,,ケツ,,,,,ち,,,,,,
,決,,水,,,,,ケツ,,,,,き-める,き-まる,,,,,
,結,,糸,,,,,ケツ,,,,,むす-ぶ,ゆ-う,ゆ-わえる,,,,
,傑,,人,,S,,,ケツ,,,,,,,,,,,
,潔,,水,,,,,ケツ,,,,,いさぎよ-い,,,,,,
,月,,月,,,,,ゲツ,ガツ,,,,つき,,,,,,
,犬,,犬,,,,,ケン,,,,,いぬ,,,,,,
,件,,人,,,,,ケン,,,,,,,,,,,
,見,,見,,,,,ケン,,,,,み-る,み-える,み-せる,,,,
,券,,刀,,,,,ケン,,,,,,,,,,,
,肩,,肉,,S,,,ケン,,,,,かた,,,,,,
,建,,廴,,,,,ケン,（コン）,,,,た-てる,た-つ,,,,,
,研,硏,石,,,,,ケン,,,,,と-ぐ,,,,,,
,県,縣,糸,,,,,ケン,,,,,,,,,,,
,倹,儉,人,,S,,,ケン,,,,,,,,,,,
,兼,,八,,S,,,ケン,,,,,か-ねる,,,,,,
,剣,劍,刀,,S,,,ケン,,,,,つるぎ,,,,,,
,拳,,手,,S,,,ケン,,,,,こぶし,,,,,,
,軒,,車,,S,,,ケン,,,,,のき,,,,,,
,健,,人,,,,,ケン,,,,,すこ-やか,,,,,,
,険,險,阜,,,,,ケン,,,,,けわ-しい,,,,,,
,圏,圈,囗,,S,,,ケン,,,,,,,,,,,
,堅,,土,,S,,,ケン,,,,,かた-い,,,,,,
,検,檢,木,,,,,ケン,,,,,,,,,,,
,嫌,,女,,S,,,ケン,（ゲン）,,,,きら-う,いや,,,,,
,献,獻,犬,,S,,,ケン,（コン）,,,,,,,,,,
,絹,,糸,,,,,ケン,,,,,きぬ,,,,,,
,遣,,辵,,S,,,ケン,,,,,つか-う,つか-わす,,,,,
,権,權,木,,,,,ケン,（ゴン）,,,,,,,,,,
,憲,,心,,,,,ケン,,,,,,,,,,,
,賢,,貝,,S,,,ケン,,,,,かしこ-い,,,,,,
,謙,,言,,S,,,ケン,,,,,,,,,,,
,鍵,,金,,S,,,ケン,,,,,かぎ,,,,,,
,繭,,糸,,S,,,ケン,,,,,まゆ,,,,,,
,顕,顯,頁,,S,,,ケン,,,,,,,,,,,
,験,驗,馬,,,,,ケン,（ゲン）,,,,,,,,,,
,懸,,心,,S,,,ケン,（ケ）,,,,か-ける,か-かる,,,,,
,元,,儿,,,,,ゲン,ガン,,,,もと,,,,,,
,幻,,幺,,S,,,ゲン,,,,,まぼろし,,,,,,
,玄,,玄,,S,,,ゲン,,,,,,,,,,,
,言,,言,,,,,ゲン,ゴン,,,,い-う,こと,,,,,
,弦,,弓,,S,,,ゲン,,,,,つる,,,,,,
,限,,阜,,,,,ゲン,,,,,かぎ-る,,,,,,
,原,,厂,,,,,ゲン,,,,,はら,,,,,,
,現,,玉,,,,,ゲン,,,,,あらわ-れる,あらわ-す,,,,,
,舷,,舟,,S,,,ゲン,,,,,,,,,,,
,減,,水,,,,,ゲン,,,,,へ-る,へ-らす,,,,,
,源,,水,,,,,ゲン,,,,,みなもと,,,,,,
,厳,嚴,口,,,,,ゲン,（ゴン）,,,,おごそ-か,きび-しい,,,,,
,己,,己,,,,,コ,キ,,,,おのれ,,,,,,
,戸,,戶,,,,,コ,,,,,と,,,,,,
,古,,口,,,,,コ,,,,,ふる-い,ふる-す,,,,,
,呼,,口,,,,,コ,,,,,よ-ぶ,,,,,,
,固,,囗,,,,,コ,,,,,かた-める,かた-まる,かた-い,,,,
,股,,肉,,S,,,コ,,,,,また,,,,,,
,虎,,虍,,S,,,コ,,,,,とら,,,,,,
,孤,,子,,S,,,コ,,,,,,,,,,,
,弧,,弓,,S,,,コ,,,,,,,,,,,
,故,,攴,,,,,コ,,,,,ゆえ,,,,,,
,枯,,木,,S,,,コ,,,,,か-れる,か-らす,,,,,
,個,,人,,,,,コ,,,,,,,,,,,
,庫,,广,,,,,コ,（ク）,,,,,,,,,,
,湖,,水,,,,,コ,,,,,みずうみ,,,,,,
,雇,,隹,,S,,,コ,,,,,やと-う,,,,,,
,誇,,言,,S,,,コ,,,,,ほこ-る,,,,,,
,鼓,,鼓,,S,,,コ,,,,,つづみ,,,,,,
,錮,,金,,S,,,コ,,,,,,,,,,,
,顧,,頁,,S,,,コ,,,,,かえり-みる,,,,,,
,五,,二,,,,,ゴ,,,,,いつ,いつ-つ,,,,,
,互,,二,,S,,,ゴ,,,,,たが-い,,,,,,
,午,,十,,,,,ゴ,,,,,,,,,,,
,呉,,口,,S,,,ゴ,,,,,,,,,,,
,後,,彳,,,,,ゴ,コウ,,,,のち,うし-ろ,あと,おく-れる,,,
,娯,,女,,S,,,ゴ,,,,,,,,,,,
,悟,,心,,S,,,ゴ,,,,,さと-る,,,,,,
,碁,,石,,S,,,ゴ,,,,,,,,,,,
,語,,言,,,,,ゴ,,,,,かた-る,かた-らう,,,,,
,誤,,言,,,,,ゴ,,,,,あやま-る,,,,,,
,護,,言,,,,,ゴ,,,,,,,,,,,
,口,,口,,,,,コウ,ク,,,,くち,,,,,,
,工,,工,,,,,コウ,ク,,,,,,,,,,
,公,,八,,,,,コウ,,,,,おおやけ,,,,,,
,勾,,勹,,S,,,コウ,,,,,,,,,,,
,孔,,子,,S,,,コウ,,,,,,,,,,,
,功,,力,,,,,コウ,（ク）,,,,,,,,,,
,巧,,工,,S,,,コウ,,,,,たく-み,,,,,,
,広,廣,广,,,,,コウ,,,,,ひろ-い,ひろ-まる,ひろ-める,ひろ-がる,ひろ-げる,,
,甲,,田,,S,,,コウ,カン,,,,,,,,,,
,交,,亠,,,,,コウ,,,,,まじ-わる,まじ-える,ま-じる,ま-ざる,ま-ぜる,か-う,か-わす
,光,,儿,,,,,コウ,,,,,ひか-る,ひかり,,,,,
,向,,口,,,,,コウ,,,,,む-く,む-ける,む-かう,む-こう,,,
,后,,口,,,,,コウ,,,,,,,,,,,
,好,,女,,,,,コウ,,,,,この-む,す-く,,,,,
,江,,水,,S,,,コウ,,,,,え,,,,,,
,考,,老,,,,,コウ,,,,,かんが-える,,,,,,
,行,,行,,,,,コウ,ギョウ,（アン）,,,い-く,ゆ-く,おこな-う,,,,
,坑,,土,,S,,,コウ,,,,,,,,,,,
,孝,,子,,,,,コウ,,,,,,,,,,,
,抗,,手,,S,,,コウ,,,,,,,,,,,
,攻,,攴,,S,,,コウ,,,,,せ-める,,,,,,
,更,,曰,,S,,,コウ,,,,,さら,ふ-ける,ふ-かす,,,,
,効,效,力,,,,,コウ,,,,,き-く,,,,,,
,幸,,干,,,,,コウ,,,,,さいわ-い,さち,しあわ-せ,,,,
,拘,,手,,S,,,コウ,,,,,,,,,,,
,肯,,肉,,S,,,コウ,,,,,,,,,,,
,侯,,人,,S,,,コウ,,,,,,,,,,,
,厚,,厂,,,,,コウ,,,,,あつ-い,,,,,,
,恒,恆,心,,S,,,コウ,,,,,,,,,,,
,洪,,水,,S,,,コウ,,,,,,,,,,,
,皇,,白,,,,,コウ,オウ,,,,,,,,,,
,紅,,糸,,,,,コウ,（ク）,,,,べに,くれない,,,,,
,荒,,艸,,S,,,コウ,,,,,あら-い,あ-れる,あ-らす,,,,
,郊,,邑,,S,,,コウ,,,,,,,,,,,
,香,,香,,S,,,コウ,（キョウ）,,,,か,かお-り,かお-る,,,,
,候,,人,,,,,コウ,,,,,そうろう,,,,,,
,校,,木,,,,,コウ,,,,,,,,,,,
,耕,,耒,,,,,コウ,,,,,たがや-す,,,,,,
,航,,舟,,,,,コウ,,,,,,,,,,,
,貢,,貝,,S,,,コウ,（ク）,,,,みつ-ぐ,,,,,,
,降,,阜,,,,,コウ,,,,,お-りる,お-ろす,ふ-る,,,,
,高,,高,,,,,コウ,,,,,たか-い,たか,たか-まる,たか-める,,,
,康,,广,,,,,コウ,,,,,,,,,,,
,控,,手,,S,,,コウ,,,,,ひか-える,,,,,,
,梗,,木,,S,,,コウ,,,,,,,,,,,
,黄,黃,黃,,,,,コウ,オウ,,,,き,（こ）,,,,,
,喉,,口,,S,,,コウ,,,,,のど,,,,,,
,慌,,心,,S,,,コウ,,,,,あわ-てる,あわ-ただしい,,,,,
,港,,水,,,,,コウ,,,,,みなと,,,,,,
,硬,,石,,S,,,コウ,,,,,かた-い,,,,,,
,絞,,糸,,S,,,コウ,,,,,しぼ-る,し-める,し-まる,,,,
,項,,頁,,S,,,コウ,,,,,,,,,,,
,溝,,水,,S,,,コウ,,,,,みぞ,,,,,,
,鉱,鑛,金,,,,,コウ,,,,,,,,,,,
,構,,木,,,,,コウ,,,,,かま-える,かま-う,,,,,
,綱,,糸,,S,,,コウ,,,,,つな,,,,,,
,酵,,酉,,S,,,コウ,,,,,,,,,,,
,稿,,禾,,S,,,コウ,,,,,,,,,,,
,興,,臼,,,,,コウ,キョウ,,,,おこ-る,おこ-す,,,,,
,衡,,行,,S,,,コウ,,,,,,,,,,,
,鋼,,金,,,,,コウ,,,,,はがね,,,,,,
,講,,言,,,,,コウ,,,,,,,,,,,
,購,,貝,,S,,,コウ,,,,,,,,,,,
,乞,,乙,,S,,,,,,,,こ-う,,,,,,
,号,號,虍,,,,,ゴウ,,,,,,,,,,,
,合,,口,,,,,ゴウ,ガッ,（カッ）,,,あ-う,あ-わす,あ-わせる,,,,
,拷,,手,,S,,,ゴウ,,,,,,,,,,,
,剛,,刀,,S,,,ゴウ,,,,,,,,,,,
,傲,,人,,S,,,ゴウ,,,,,,,,,,,
,豪,,豕,,S,,,ゴウ,,,,,,,,,,,
,克,,儿,,S,,,コク,,,,,,,,,,,
,告,,口,,,,,コク,,,,,つ-げる,,,,,,
,谷,,谷,,,,,コク,,,,,たに,,,,,,
,刻,,刀,,,,,コク,,,,,きざ-む,,,,,,
,国,國,囗,,,,,コク,,,,,くに,,,,,,
,黒,黑,黑,,,,,コク,,,,,くろ,くろ-い,,,,,
,穀,穀 ,禾,,,,,コク,,,,,,,,,,,
,酷,,酉,,S,,,コク,,,,,,,,,,,
,獄,,犬,,S,,,ゴク,,,,,,,,,,,
,骨,,骨,,,,,コツ,,,,,ほね,,,,,,
,駒,,馬,,S,,,,,,,,こま,,,,,,
,込,,辵,,S,,,,,,,,こ-む,こ-める,,,,,
,頃,,頁,,S,,,,,,,,ころ,,,,,,
,今,,人,,,,,コン,キン,,,,いま,,,,,,
,困,,囗,,,,,コン,,,,,こま-る,,,,,,
,昆,,日,,S,,,コン,,,,,,,,,,,
,恨,,心,,S,,,コン,,,,,うら-む,うら-めしい,,,,,
,根,,木,,,,,コン,,,,,ね,,,,,,
,婚,,女,,S,,,コン,,,,,,,,,,,
,混,,水,,,,,コン,,,,,ま-じる,ま-ざる,ま-ぜる,こ-む,,,
,痕,,疒,,S,,,コン,,,,,あと,,,,,,
,紺,,糸,,S,,,コン,,,,,,,,,,,
,魂,,鬼,,S,,,コン,,,,,たましい,,,,,,
,墾,,土,,S,,,コン,,,,,,,,,,,
,懇,,心,,S,,,コン,,,,,ねんご-ろ,,,,,,
,左,,工,,,,,サ,,,,,ひだり,,,,,,
,佐,,人,,S,,,サ,,,,,,,,,,,
,沙,,水,,S,,,サ,,,,,,,,,,,
,査,,木,,,,,サ,,,,,,,,,,,
,砂,,石,,,,,サ,シャ,,,,すな,,,,,,
,唆,,口,,S,,,サ,,,,,そそのか-す,,,,,,
,差,,工,,,,,サ,,,,,さ-す,,,,,,
,詐,,言,,S,,,サ,,,,,,,,,,,
,鎖,,金,,S,,,サ,,,,,くさり,,,,,,
,座,,广,,,,,ザ,,,,,すわ-る,,,,,,
,挫,,手,,S,,,ザ,,,,,,,,,,,
,才,,手,,,,,サイ,,,,,,,,,,,
,再,,冂,,,,,サイ,（サ）,,,,ふたた-び,,,,,,
,災,,火,,,,,サイ,,,,,わざわ-い,,,,,,
,妻,,女,,,,,サイ,,,,,つま,,,,,,
,采,,釆,,S,,,サイ,,,,,,,,,,,
,砕,碎,石,,S,,,サイ,,,,,くだ-く,くだ-ける,,,,,
,宰,,宀,,S,,,サイ,,,,,,,,,,,
,栽,,木,,S,,,サイ,,,,,,,,,,,
,彩,,彡,,S,,,サイ,,,,,いろど-る,,,,,,
,採,,手,,,,,サイ,,,,,と-る,,,,,,
,済,濟,水,,,,,サイ,,,,,す-む,す-ます,,,,,
,祭,,示,,,,,サイ,,,,,まつ-る,まつ-り,,,,,
,斎,齋,齊,,S,,,サイ,,,,,,,,,,,
,細,,糸,,,,,サイ,,,,,ほそ-い,ほそ-る,こま-か,こま-かい,,,
,菜,,艸,,,,,サイ,,,,,な,,,,,,
,最,,曰,,,,,サイ,,,,,もっと-も,,,,,,
,裁,,衣,,,,,サイ,,,,,た-つ,さば-く,,,,,
,債,,人,,S,,,サイ,,,,,,,,,,,
,催,,人,,S,,,サイ,,,,,もよお-す,,,,,,
,塞,,土,,S,,,サイ,ソク,,,,ふさ-ぐ,ふさ-がる,,,,,
,歳,,止,,S,,,サイ,（セイ）,,,,,,,,,,
,載,,車,,S,,,サイ,,,,,の-せる,の-る,,,,,
,際,,阜,,,,,サイ,,,,,きわ,,,,,,
,埼,,土,,S,,,,,,,,（さい）,,,,,,
,在,,土,,,,,ザイ,,,,,あ-る,,,,,,
,材,,木,,,,,ザイ,,,,,,,,,,,
,剤,劑,刀,,S,,,ザイ,,,,,,,,,,,
,財,,貝,,,,,ザイ,（サイ）,,,,,,,,,,
,罪,,网,,,,,ザイ,,,,,つみ,,,,,,
,崎,,山,,S,,,,,,,,さき,,,,,,
,作,,人,,,,,サク,サ,,,,つく-る,,,,,,
,削,,刀,,S,,,サク,,,,,けず-る,,,,,,
,昨,,日,,,,,サク,,,,,,,,,,,
,柵 ,,木,,S,,,サク,,,,,,,,,,,
,索,,糸,,S,,,サク,,,,,,,,,,,
,策,,竹,,,,,サク,,,,,,,,,,,
,酢,,酉,,S,,,サク,,,,,す,,,,,,
,搾,,手,,S,,,サク,,,,,しぼ-る,,,,,,
,錯,,金,,S,,,サク,,,,,,,,,,,
,咲,,口,,S,,,,,,,,さ-く,,,,,,
,冊,,冂,,,,,サツ,サク,,,,,,,,,,
,札,,木,,,,,サツ,,,,,ふだ,,,,,,
,刷,,刀,,,,,サツ,,,,,す-る,,,,,,
,刹,,刀,,S,,,サツ,セツ,,,,,,,,,,
,拶,,手,,S,,,サツ,,,,,,,,,,,
,殺,殺 ,殳,,,,,サツ,（サイ）,（セツ）,,,ころ-す,,,,,,
,察,,宀,,,,,サツ,,,,,,,,,,,
,撮,,手,,S,,,サツ,,,,,と-る,,,,,,
,擦,,手,,S,,,サツ,,,,,す-る,す-れる,,,,,
,雑,雜,隹,,,,,ザツ,ゾウ,,,,,,,,,,
,皿,,皿,,,,,,,,,,さら,,,,,,
,三,,一,,,,,サン,,,,,み,み-つ,みっ-つ,,,,
,山,,山,,,,,サン,,,,,やま,,,,,,
,参,參,厶,,,,,サン,,,,,まい-る,,,,,,
,桟,棧,木,,S,,,サン,,,,,,,,,,,
,蚕,蠶,虫,,,,,サン,,,,,かいこ,,,,,,
,惨,慘,心,,S,,,サン,ザン,,,,みじ-め,,,,,,
,産,,生,,,,,サン,,,,,う-む,う-まれる,うぶ,,,,
,傘,,人,,S,,,サン,,,,,かさ,,,,,,
,散,,攴,,,,,サン,,,,,ち-る,ち-らす,ち-らかす,ち-らかる,,,
,算,,竹,,,,,サン,,,,,,,,,,,
,酸,,酉,,,,,サン,,,,,す-い,,,,,,
,賛,贊,貝,,,,,サン,,,,,,,,,,,
,残,殘,歹,,,,,ザン,,,,,のこ-る,のこ-す,,,,,
,斬,,斤,,S,,,ザン,,,,,き-る,,,,,,
,暫,,日,,S,,,ザン,,,,,,,,,,,
,士,,士,,,,,シ,,,,,,,,,,,
,子,,子,,,,,シ,ス,,,,こ,,,,,,
,支,,支,,,,,シ,,,,,ささ-える,,,,,,
,止,,止,,,,,シ,,,,,と-まる,と-める,,,,,
,氏,,氏,,,,,シ,,,,,うじ,,,,,,
,仕,,人,,,,,シ,（ジ）,,,,つか-える,,,,,,
,史,,口,,,,,シ,,,,,,,,,,,
,司,,口,,,,,シ,,,,,,,,,,,
,四,,囗,,,,,シ,,,,,よ,よ-つ,よっ-つ,よん,,,
,市,,巾,,,,,シ,,,,,いち,,,,,,
,矢,,矢,,,,,シ,,,,,や,,,,,,
,旨,,日,,S,,,シ,,,,,むね,,,,,,
,死,,歹,,,,,シ,,,,,し-ぬ,,,,,,
,糸,絲,糸,,,,,シ,,,,,いと,,,,,,
,至,,至,,,,,シ,,,,,いた-る,,,,,,
,伺,,人,,S,,,シ,,,,,うかが-う,,,,,,
,志,,心,,,,,シ,,,,,こころざ-す,こころざし,,,,,
,私,,禾,,,,,シ,,,,,わたくし,わたし,,,,,
,使,,人,,,,,シ,,,,,つか-う,,,,,,
,刺,,刀,,S,,,シ,,,,,さ-す,さ-さる,,,,,
,始,,女,,,,,シ,,,,,はじ-める,はじ-まる,,,,,
,姉,,女,,,,,シ,,,,,あね,,,,,,
,枝,,木,,,,,シ,,,,,えだ,,,,,,
,祉,祉 ,示,,S,,,シ,,,,,,,,,,,
,肢,,肉,,S,,,シ,,,,,,,,,,,
,姿,,女,,,,,シ,,,,,すがた,,,,,,
,思,,心,,,,,シ,,,,,おも-う,,,,,,
,指,,手,,,,,シ,,,,,ゆび,さ-す,,,,,
,施,,方,,S,,,シ,セ,,,,ほどこ-す,,,,,,
,師,,巾,,,,,シ,,,,,,,,,,,
,恣 ,,心,,S,,,シ,,,,,,,,,,,
,紙,,糸,,,,,シ,,,,,かみ,,,,,,
,脂,,肉,,S,,,シ,,,,,あぶら,,,,,,
,視,視 ,見,,,,,シ,,,,,,,,,,,
,紫,,糸,,S,,,シ,,,,,むらさき,,,,,,
,詞,,言,,,,,シ,,,,,,,,,,,
,歯,齒,齒,,,,,シ,,,,,は,,,,,,
,嗣,,口,,S,,,シ,,,,,,,,,,,
,試,,言,,,,,シ,,,,,こころ-みる,ため-す,,,,,
,詩,,言,,,,,シ,,,,,,,,,,,
,資,,貝,,,,,シ,,,,,,,,,,,
,飼,,食,,,,,シ,,,,,か-う,,,,,,
,誌,,言,,,,,シ,,,,,,,,,,,
,雌,,隹,,S,,,シ,,,,,め,めす,,,,,
,摯,,手,,S,,,シ,,,,,,,,,,,
,賜,,貝,,S,,,シ,,,,,たまわ-る,,,,,,
,諮,,言,,S,,,シ,,,,,はか-る,,,,,,
,示,,示,,,,,ジ,シ,,,,しめ-す,,,,,,
,字,,子,,,,,ジ,,,,,あざ,,,,,,
,寺,,寸,,,,,ジ,,,,,てら,,,,,,
,次,,欠,,,,,ジ,シ,,,,つ-ぐ,つぎ,,,,,
,耳,,耳,,,,,ジ,,,,,みみ,,,,,,
,自,,自,,,,,ジ,シ,,,,みずか-ら,,,,,,
,似,,人,,,,,ジ,,,,,に-る,,,,,,
,児,兒,儿,,,,,ジ,（ニ）,,,,,,,,,,
,事,,亅,,,,,ジ,（ズ）,,,,こと,,,,,,
,侍,,人,,S,,,ジ,,,,,さむらい,,,,,,
,治,,水,,,,,ジ,チ,,,,おさ-める,おさ-まる,なお-る,なお-す,,,
,持,,手,,,,,ジ,,,,,も-つ,,,,,,
,時,,日,,,,,ジ,,,,,とき,,,,,,
,滋,,水,,S,,,ジ,,,,,,,,,,,
,慈,,心,,S,,,ジ,,,,,いつく-しむ,,,,,,
,辞,辭,辛,,,,,ジ,,,,,や-める,,,,,,
,磁,,石,,,,,ジ,,,,,,,,,,,
,餌 ,,食,,S,,,ジ,,,,,えさ,え,,,,,
,璽,,玉,,S,,,ジ,,,,,,,,,,,
,鹿,,鹿,,S,,,,,,,,しか,（か）,,,,,
,式,,弋,,,,,シキ,,,,,,,,,,,
,識,,言,,,,,シキ,,,,,,,,,,,
,軸,,車,,S,,,ジク,,,,,,,,,,,
,七,,一,,,,,シチ,,,,,なな,なな-つ,（なの）,,,,
,? ,,口,,S,,,シツ,,,,,しか-る,,,,,,
,失,,大,,,,,シツ,,,,,うしな-う,,,,,,
,室,,宀,,,,,シツ,,,,,むろ,,,,,,
,疾,,疒,,S,,,シツ,,,,,,,,,,,
,執,,土,,S,,,シツ,シュウ,,,,と-る,,,,,,
,湿,濕,水,,S,,,シツ,,,,,しめ-る,しめ-す,,,,,
,嫉,,女,,S,,,シツ,,,,,,,,,,,
,漆,,水,,S,,,シツ,,,,,うるし,,,,,,
,質,,貝,,,,,シツ,シチ,（チ）,,,,,,,,,
,実,實,宀,,,,,ジツ,,,,,み,みの-る,,,,,
,芝,,艸,,S,,,,,,,,しば,,,,,,
,写,寫,宀,,,,,シャ,,,,,うつ-す,うつ-る,,,,,
,社,社 ,示,,,,,シャ,,,,,やしろ,,,,,,
,車,,車,,,,,シャ,,,,,くるま,,,,,,
,舎,,舌,,,,,シャ,,,,,,,,,,,
,者,者 ,老,,,,,シャ,,,,,もの,,,,,,
,射,,寸,,,,,シャ,,,,,い-る,,,,,,
,捨,,手,,,,,シャ,,,,,す-てる,,,,,,
,赦,,赤,,S,,,シャ,,,,,,,,,,,
,斜,,斗,,S,,,シャ,,,,,なな-め,,,,,,
,煮,煮 ,火,,S,,,シャ,,,,,に-る,に-える,に-やす,,,,
,遮,,辵,,S,,,シャ,,,,,さえぎ-る,,,,,,
,謝,,言,,,,,シャ,,,,,あやま-る,,,,,,
,邪,,邑,,S,,,ジャ,,,,,,,,,,,
,蛇,,虫,,S,,,ジャ,ダ,,,,へび,,,,,,
,勺,,勹,,S,,,シャク,,,,,,,,,,,
,尺,,尸,,,,,シャク,,,,,,,,,,,
,借,,人,,,,,シャク,,,,,か-りる,,,,,,
,酌,,酉,,S,,,シャク,,,,,く-む,,,,,,
,釈,釋,釆,,S,,,シャク,,,,,,,,,,,
,爵,,爪,,S,,,シャク,,,,,,,,,,,
,若,,艸,,,,,ジャク,（ニャク）,,,,わか-い,も-しくは,,,,,
,弱,,弓,,,,,ジャク,,,,,よわ-い,よわ-る,よわ-まる,よわ-める,,,
,寂,,宀,,S,,,ジャク,（セキ）,,,,さび,さび-しい,さび-れる,,,,
,手,,手,,,,,シュ,,,,,て,（た）,,,,,
,主,,丶,,,,,シュ,（ス）,,,,ぬし,おも,,,,,
,守,,宀,,,,,シュ,（ス）,,,,まも-る,も-り,,,,,
,朱,,木,,S,,,シュ,,,,,,,,,,,
,取,,又,,,,,シュ,,,,,と-る,,,,,,
,狩,,犬,,S,,,シュ,,,,,か-る,か-り,,,,,
,首,,首,,,,,シュ,,,,,くび,,,,,,
,殊,,歹,,S,,,シュ,,,,,こと,,,,,,
,珠,,玉,,S,,,シュ,,,,,,,,,,,
,酒,,酉,,,,,シュ,,,,,さけ,（さか）,,,,,
,腫,,肉,,S,,,シュ,,,,,は-れる,は-らす,,,,,
,種,,禾,,,,,シュ,,,,,たね,,,,,,
,趣,,走,,S,,,シュ,,,,,おもむき,,,,,,
,寿,壽,士,,S,,,ジュ,,,,,ことぶき,,,,,,
,受,,又,,,,,ジュ,,,,,う-ける,う-かる,,,,,
,呪,,口,,S,,,ジュ,,,,,のろ-う,,,,,,
,授,,手,,,,,ジュ,,,,,さず-ける,さず-かる,,,,,
,需,,雨,,S,,,ジュ,,,,,,,,,,,
,儒,,人,,S,,,ジュ,,,,,,,,,,,
,樹,,木,,,,,ジュ,,,,,,,,,,,
,収,收,攴,,,,,シュウ,,,,,おさ-める,おさ-まる,,,,,
,囚,,囗,,S,,,シュウ,,,,,,,,,,,
,州,,巛,,,,,シュウ,,,,,す,,,,,,
,舟,,舟,,S,,,シュウ,,,,,ふね,（ふな）,,,,,
,秀,,禾,,S,,,シュウ,,,,,ひい-でる,,,,,,
,周,,口,,,,,シュウ,,,,,まわ-り,,,,,,
,宗,,宀,,,,,シュウ,ソウ,,,,,,,,,,
,拾,,手,,,,,シュウ,ジュウ,,,,ひろ-う,,,,,,
,秋,,禾,,,,,シュウ,,,,,あき,,,,,,
,臭,臭 ,自,,S,,,シュウ,,,,,くさ-い,にお-う,,,,,
,修,,人,,,,,シュウ,（シュ）,,,,おさ-める,おさ-まる,,,,,
,袖,,衣,,S,,,シュウ,,,,,そで,,,,,,
,終,,糸,,,,,シュウ,,,,,お-わる,お-える,,,,,
,羞,,羊,,S,,,シュウ,,,,,,,,,,,
,習,,羽,,,,,シュウ,,,,,なら-う,,,,,,
,週,,辵,,,,,シュウ,,,,,,,,,,,
,就,,尢,,,,,シュウ,（ジュ）,,,,つ-く,つ-ける,,,,,
,衆,,血,,,,,シュウ,（シュ）,,,,,,,,,,
,集,,隹,,,,,シュウ,,,,,あつ-まる,あつ-める,つど-う,,,,
,愁,,心,,S,,,シュウ,,,,,うれ-える,うれ-い,,,,,
,酬,,酉,,S,,,シュウ,,,,,,,,,,,
,醜,,酉,,S,,,シュウ,,,,,みにく-い,,,,,,
,蹴,,足,,S,,,シュウ,,,,,け-る,,,,,,
,襲,,衣,,S,,,シュウ,,,,,おそ-う,,,,,,
,十,,十,,,,,ジュウ,ジッ,,,,とお,と,,,,,
,汁,,水,,S,,,ジュウ,,,,,しる,,,,,,
,充,,儿,,S,,,ジュウ,,,,,あ-てる,,,,,,
,住,,人,,,,,ジュウ,,,,,す-む,す-まう,,,,,
,柔,,木,,S,,,ジュウ,ニュウ,,,,やわ-らか,やわ-らかい,,,,,
,重,,里,,,,,ジュウ,チョウ,,,,え,おも-い,かさ-ねる,かさ-なる,,,
,従,從,彳,,,,,ジュウ,（ショウ）,（ジュ）,,,したが-う,したが-える,,,,,
,渋,澁,水,,S,,,ジュウ,,,,,しぶ,しぶ-い,しぶ-る,,,,
,銃,,金,,S,,,ジュウ,,,,,,,,,,,
,獣,獸,犬,,S,,,ジュウ,,,,,けもの,,,,,,
,縦,縱,糸,,,,,ジュウ,,,,,たて,,,,,,
,叔,,又,,S,,,シュク,,,,,,,,,,,
,祝,祝 ,示,,,,,シュク,（シュウ）,,,,いわ-う,,,,,,
,宿,,宀,,,,,シュク,,,,,やど,やど-る,やど-す,,,,
,淑,,水,,S,,,シュク,,,,,,,,,,,
,粛,肅,聿,,S,,,シュク,,,,,,,,,,,
,縮,,糸,,,,,シュク,,,,,ちぢ-む,ちぢ-まる,ちぢ-める,ちぢ-れる,ちぢ-らす,,
,塾,,土,,S,,,ジュク,,,,,,,,,,,
,熟,,火,,,,,ジュク,,,,,う-れる,,,,,,
,出,,凵,,,,,シュツ,（スイ）,,,,で-る,だ-す,,,,,
,述,,辵,,,,,ジュツ,,,,,の-べる,,,,,,
,術,,行,,,,,ジュツ,,,,,,,,,,,
,俊,,人,,S,,,シュン,,,,,,,,,,,
,春,,日,,,,,シュン,,,,,はる,,,,,,
,瞬,,目,,S,,,シュン,,,,,またた-く,,,,,,
,旬,,日,,S,,,ジュン,（シュン）,,,,,,,,,,
,巡,,巛,,S,,,ジュン,,,,,めぐ-る,,,,,,
,盾,,目,,S,,,ジュン,,,,,たて,,,,,,
,准,,冫,,S,,,ジュン,,,,,,,,,,,
,殉,,歹,,S,,,ジュン,,,,,,,,,,,
,純,,糸,,,,,ジュン,,,,,,,,,,,
,循,,彳,,S,,,ジュン,,,,,,,,,,,
,順,,頁,,,,,ジュン,,,,,,,,,,,
,準,,水,,,,,ジュン,,,,,,,,,,,
,潤,,水,,S,,,ジュン,,,,,うるお-う,うるお-す,うる-む,,,,
,遵,,辵,,S,,,ジュン,,,,,,,,,,,
,処,處,虍,,,,,ショ,,,,,,,,,,,
,初,,刀,,,,,ショ,,,,,はじ-め,はじ-めて,はつ,うい,そ-める,,
,所,,戶,,,,,ショ,,,,,ところ,,,,,,
,書,,曰,,,,,ショ,,,,,か-く,,,,,,
,庶,,广,,S,,,ショ,,,,,,,,,,,
,暑,暑 ,日,,,,,ショ,,,,,あつ-い,,,,,,
,署,署 ,网,,,,,ショ,,,,,,,,,,,
,緒,緖,糸,,S,,,ショ,（チョ）,,,,お,,,,,,
,諸,諸 ,言,,,,,ショ,,,,,,,,,,,
,女,,女,,,,,ジョ,ニョ,（ニョウ）,,,おんな,め,,,,,
,如,,女,,S,,,ジョ,ニョ,,,,,,,,,,
,助,,力,,,,,ジョ,,,,,たす-ける,たす-かる,すけ,,,,
,序,,广,,,,,ジョ,,,,,,,,,,,
,叙,敍,攴,,S,,,ジョ,,,,,,,,,,,
,徐,,彳,,S,,,ジョ,,,,,,,,,,,
,除,,阜,,,,,ジョ,（ジ）,,,,のぞ-く,,,,,,
,小,,小,,,,,ショウ,,,,,ちい-さい,こ,お,,,,
,升,,十,,S,,,ショウ,,,,,ます,,,,,,
,少,,小,,,,,ショウ,,,,,すく-ない,すこ-し,,,,,
,召,,口,,S,,,ショウ,,,,,め-す,,,,,,
,匠,,匚,,S,,,ショウ,,,,,,,,,,,
,床,,广,,S,,,ショウ,,,,,とこ,ゆか,,,,,
,抄,,手,,S,,,ショウ,,,,,,,,,,,
,肖,,肉,,S,,,ショウ,,,,,,,,,,,
,尚,,小,,S,,,ショウ,,,,,,,,,,,
,招,,手,,,,,ショウ,,,,,まね-く,,,,,,
,承,,手,,,,,ショウ,,,,,うけたまわ-る,,,,,,
,昇,,日,,S,,,ショウ,,,,,のぼ-る,,,,,,
,松,,木,,,,,ショウ,,,,,まつ,,,,,,
,沼,,水,,S,,,ショウ,,,,,ぬま,,,,,,
,昭,,日,,,,,ショウ,,,,,,,,,,,
,宵,,宀,,S,,,ショウ,,,,,よい,,,,,,
,将,將,寸,,,,,ショウ,,,,,,,,,,,
,消,,水,,,,,ショウ,,,,,き-える,け-す,,,,,
,症,,疒,,S,,,ショウ,,,,,,,,,,,
,祥,祥 ,示,,S,,,ショウ,,,,,,,,,,,
,称,稱,禾,,S,,,ショウ,,,,,,,,,,,
,笑,,竹,,,,,ショウ,,,,,わら-う,え-む,,,,,
,唱,,口,,,,,ショウ,,,,,とな-える,,,,,,
,商,,口,,,,,ショウ,,,,,あきな-う,,,,,,
,渉,涉,水,,S,,,ショウ,,,,,,,,,,,
,章,,立,,,,,ショウ,,,,,,,,,,,
,紹,,糸,,S,,,ショウ,,,,,,,,,,,
,訟,,言,,S,,,ショウ,,,,,,,,,,,
,勝,,力,,,,,ショウ,,,,,か-つ,まさ-る,,,,,
,掌,,手,,S,,,ショウ,,,,,,,,,,,
,晶,,日,,S,,,ショウ,,,,,,,,,,,
,焼,燒,火,,,,,ショウ,,,,,や-く,や-ける,,,,,
,焦,,火,,S,,,ショウ,,,,,こ-げる,こ-がす,こ-がれる,あせ-る,,,
,硝,,石,,S,,,ショウ,,,,,,,,,,,
,粧,,米,,S,,,ショウ,,,,,,,,,,,
,詔,,言,,S,,,ショウ,,,,,みことのり,,,,,,
,証,證,言,,,,,ショウ,,,,,,,,,,,
,象,,豕,,,,,ショウ,ゾウ,,,,,,,,,,
,傷,,人,,,,,ショウ,,,,,きず,いた-む,いた-める,,,,
,奨,奬,大,,S,,,ショウ,,,,,,,,,,,
,照,,火,,,,,ショウ,,,,,て-る,て-らす,て-れる,,,,
,詳,,言,,S,,,ショウ,,,,,くわ-しい,,,,,,
,彰,,彡,,S,,,ショウ,,,,,,,,,,,
,障,,阜,,,,,ショウ,,,,,さわ-る,,,,,,
,憧,,心,,S,,,ショウ,,,,,あこが-れる,,,,,,
,衝,,行,,S,,,ショウ,,,,,,,,,,,
,賞,,貝,,,,,ショウ,,,,,,,,,,,
,償,,人,,S,,,ショウ,,,,,つぐな-う,,,,,,
,礁,,石,,S,,,ショウ,,,,,,,,,,,
,鐘,,金,,S,,,ショウ,,,,,かね,,,,,,
,上,,一,,,,,ジョウ,（ショウ）,,,,うえ,（うわ）,かみ,あ-げる,あ-がる,のぼ-る,
,丈,,一,,S,,,ジョウ,,,,,たけ,,,,,,
,冗,,冖,,S,,,ジョウ,,,,,,,,,,,
,条,條,木,,,,,ジョウ,,,,,,,,,,,
,状,狀,犬,,,,,ジョウ,,,,,,,,,,,
,乗,乘,丿,,,,,ジョウ,,,,,の-る,の-せる,,,,,
,城,,土,,,,,ジョウ,,,,,しろ,,,,,,
,浄,淨,水,,S,,,ジョウ,,,,,,,,,,,
,剰,剩,刀,,S,,,ジョウ,,,,,,,,,,,
,常,,巾,,,,,ジョウ,,,,,つね,とこ,,,,,
,情,,心,,,,,ジョウ,（セイ）,,,,なさ-け,,,,,,
,場,,土,,,,,ジョウ,,,,,ば,,,,,,
,畳,疊,田,,S,,,ジョウ,,,,,たた-む,たたみ,,,,,
,蒸,,艸,,,,,ジョウ,,,,,む-す,む-れる,む-らす,,,,
,縄,繩,糸,,S,,,ジョウ,,,,,なわ,,,,,,
,壌,壤,土,,S,,,ジョウ,,,,,,,,,,,
,嬢,孃,女,,S,,,ジョウ,,,,,,,,,,,
,錠,,金,,S,,,ジョウ,,,,,,,,,,,
,譲,讓,言,,S,,,ジョウ,,,,,ゆず-る,,,,,,
,醸,釀,酉,,S,,,ジョウ,,,,,かも-す,,,,,,
,色,,色,,,,,ショク,シキ,,,,いろ,,,,,,
,拭,,手,,S,,,ショク,,,,,ふ-く,ぬぐ-う,,,,,
,食,,食,,,,,ショク,（ジキ）,,,,く-う,く-らう,た-べる,,,,
,植,,木,,,,,ショク,,,,,う-える,う-わる,,,,,
,殖,,歹,,S,,,ショク,,,,,ふ-える,ふ-やす,,,,,
,飾,,食,,S,,,ショク,,,,,かざ-る,,,,,,
,触,觸,角,,S,,,ショク,,,,,ふ-れる,さわ-る,,,,,
,嘱,囑,口,,S,,,ショク,,,,,,,,,,,
,織,,糸,,,,,ショク,シキ,,,,お-る,,,,,,
,職,,耳,,,,,ショク,,,,,,,,,,,
,辱,,辰,,S,,,ジョク,,,,,はずかし-める,,,,,,
,尻,,尸,,S,,,,,,,,しり,,,,,,
,心,,心,,,,,シン,,,,,こころ,,,,,,
,申,,田,,,,,シン,,,,,もう-す,,,,,,
,伸,,人,,S,,,シン,,,,,の-びる,の-ばす,の-べる,,,,
,臣,,臣,,,,,シン,ジン,,,,,,,,,,
,芯,,艸,,S,,,シン,,,,,,,,,,,
,身,,身,,,,,シン,,,,,み,,,,,,
,辛,,辛,,S,,,シン,,,,,から-い,,,,,,
,侵,,人,,S,,,シン,,,,,おか-す,,,,,,
,信,,人,,,,,シン,,,,,,,,,,,
,津,,水,,S,,,シン,,,,,つ,,,,,,
,神,神 ,示,,,,,シン,ジン,,,,かみ,（かん）,（こう）,,,,
,唇,,口,,S,,,シン,,,,,くちびる,,,,,,
,娠,,女,,S,,,シン,,,,,,,,,,,
,振,,手,,S,,,シン,,,,,ふ-る,ふ-るう,ふ-れる,,,,
,浸,,水,,S,,,シン,,,,,ひた-す,ひた-る,,,,,
,真,眞,目,,,,,シン,,,,,ま,,,,,,
,針,,金,,,,,シン,,,,,はり,,,,,,
,深,,水,,,,,シン,,,,,ふか-い,ふか-まる,ふか-める,,,,
,紳,,糸,,S,,,シン,,,,,,,,,,,
,進,,辵,,,,,シン,,,,,すす-む,すす-める,,,,,
,森,,木,,,,,シン,,,,,もり,,,,,,
,診,,言,,S,,,シン,,,,,み-る,,,,,,
,寝,寢,宀,,S,,,シン,,,,,ね-る,ね-かす,,,,,
,慎,愼,心,,S,,,シン,,,,,つつし-む,,,,,,
,新,,斤,,,,,シン,,,,,あたら-しい,あら-た,にい,,,,
,審,,宀,,S,,,シン,,,,,,,,,,,
,震,,雨,,S,,,シン,,,,,ふる-う,ふる-える,,,,,
,薪,,艸,,S,,,シン,,,,,たきぎ,,,,,,
,親,,見,,,,,シン,,,,,おや,した-しい,した-しむ,,,,
,人,,人,,,,,ジン,ニン,,,,ひと,,,,,,
,刃,,刀,,S,,,ジン,,,,,は,,,,,,
,仁,,人,,,,,ジン,（ニ）,,,,,,,,,,
,尽,盡,皿,,S,,,ジン,,,,,つ-くす,つ-きる,つ-かす,,,,
,迅,,辵,,S,,,ジン,,,,,,,,,,,
,甚,,甘,,S,,,ジン,,,,,はなは-だ,はなは-だしい,,,,,
,陣,,阜,,S,,,ジン,,,,,,,,,,,
,尋,,寸,,S,,,ジン,,,,,たず-ねる,,,,,,
,腎,,肉,,S,,,ジン,,,,,,,,,,,
,須,,頁,,S,,,ス,,,,,,,,,,,
,図,圖,囗,,,,,ズ,ト,,,,はか-る,,,,,,
,水,,水,,,,,スイ,,,,,みず,,,,,,
,吹,,口,,S,,,スイ,,,,,ふ-く,,,,,,
,垂,,土,,,,,スイ,,,,,た-れる,た-らす,,,,,
,炊,,火,,S,,,スイ,,,,,た-く,,,,,,
,帥,,巾,,S,,,スイ,,,,,,,,,,,
,粋,粹,米,,S,,,スイ,,,,,いき,,,,,,
,衰,,衣,,S,,,スイ,,,,,おとろ-える,,,,,,
,推,,手,,,,,スイ,,,,,お-す,,,,,,
,酔,醉,酉,,S,,,スイ,,,,,よ-う,,,,,,
,遂,,辵,,S,,,スイ,,,,,と-げる,,,,,,
,睡,,目,,S,,,スイ,,,,,,,,,,,
,穂,穗,禾,,S,,,スイ,,,,,ほ,,,,,,
,錘,,金,,S,,,スイ,,,,,つ-む,,,,,,
,随,隨,阜,,S,,,ズイ,,,,,,,,,,,
,髄,髓,骨,,S,,,ズイ,,,,,,,,,,,
,枢,樞,木,,S,,,スウ,,,,,,,,,,,
,崇,,山,,S,,,スウ,,,,,,,,,,,
,数,數,攴,,,,,スウ,（ス）,,,,かず,かぞ-える,,,,,
,据,,手,,S,,,,,,,,す-える,す-わる,,,,,
,杉,,木,,S,,,,,,,,すぎ,,,,,,
,裾,,衣,,S,,,,,,,,すそ,,,,,,
,寸,,寸,,,,,スン,,,,,,,,,,,
,瀬,瀨,水,,S,,,,,,,,せ,,,,,,
,是,,日,,S,,,ゼ,,,,,,,,,,,
,井,,二,,S,,,セイ,（ショウ）,,,,い,,,,,,
,世,,一,,,,,セイ,セ,,,,よ,,,,,,
,正,,止,,,,,セイ,ショウ,,,,ただ-しい,ただ-す,まさ,,,,
,生,,生,,,,,セイ,ショウ,,,,い-きる,い-かす,い-ける,う-まれる,う-む,お-う,
,成,,戈,,,,,セイ,（ジョウ）,,,,な-る,な-す,,,,,
,西,,襾,,,,,セイ,サイ,,,,にし,,,,,,
,声,聲,耳,,,,,セイ,（ショウ）,,,,こえ,（こわ）,,,,,
,制,,刀,,,,,セイ,,,,,,,,,,,
,姓,,女,,S,,,セイ,ショウ,,,,,,,,,,
,征,,彳,,S,,,セイ,,,,,,,,,,,
,性,,心,,,,,セイ,ショウ,,,,,,,,,,
,青,,靑,,,,,セイ,（ショウ）,,,,あお,あお-い,,,,,
,斉,齊,齊,,S,,,セイ,,,,,,,,,,,
,政,,攴,,,,,セイ,（ショウ）,,,,まつりごと,,,,,,
,星,,日,,,,,セイ,（ショウ）,,,,ほし,,,,,,
,牲,,牛,,S,,,セイ,,,,,,,,,,,
,省,,目,,,,,セイ,ショウ,,,,かえり-みる,はぶ-く,,,,,
,凄,,冫,,S,,,セイ,,,,,,,,,,,
,逝,,辵,,S,,,セイ,,,,,ゆ-く,い-く,,,,,
,清,,水,,,,,セイ,（ショウ）,,,,きよ-い,きよ-まる,きよ-める,,,,
,盛,,皿,,,,,セイ,（ジョウ）,,,,も-る,さか-る,さか-ん,,,,
,婿,,女,,S,,,セイ,,,,,むこ,,,,,,
,晴,,日,,,,,セイ,,,,,は-れる,は-らす,,,,,
,勢,,力,,,,,セイ,,,,,いきお-い,,,,,,
,聖,,耳,,,,,セイ,,,,,,,,,,,
,誠,,言,,,,,セイ,,,,,まこと,,,,,,
,精,,米,,,,,セイ,（ショウ）,,,,,,,,,,
,製,,衣,,,,,セイ,,,,,,,,,,,
,誓,,言,,S,,,セイ,,,,,ちか-う,,,,,,
,静,靜,靑,,,,,セイ,（ジョウ）,,,,しず,しず-か,しず-まる,しず-める,,,
,請,,言,,S,,,セイ,（シン）,,,,こ-う,う-ける,,,,,
,整,,攴,,,,,セイ,,,,,ととの-える,ととの-う,,,,,
,醒,,酉,,S,,,セイ,,,,,,,,,,,
,税,,禾,,,,,ゼイ,,,,,,,,,,,
,夕,,夕,,,,,セキ,,,,,ゆう,,,,,,
,斥,,斤,,S,,,セキ,,,,,,,,,,,
,石,,石,,,,,セキ,（シャク）,（コク）,,,いし,,,,,,
,赤,,赤,,,,,セキ,（シャク）,,,,あか,あか-い,あか-らむ,あか-らめる,,,
,昔,,日,,,,,セキ,（シャク）,,,,むかし,,,,,,
,析,,木,,S,,,セキ,,,,,,,,,,,
,席,,巾,,,,,セキ,,,,,,,,,,,
,脊,,肉,,S,,,セキ,,,,,,,,,,,
,隻,,隹,,S,,,セキ,,,,,,,,,,,
,惜,,心,,S,,,セキ,,,,,お-しい,お-しむ,,,,,
,戚,,戈,,S,,,セキ,,,,,,,,,,,
,責,,貝,,,,,セキ,,,,,せ-める,,,,,,
,跡,,足,,S,,,セキ,,,,,あと,,,,,,
,積,,禾,,,,,セキ,,,,,つ-む,つ-もる,,,,,
,績,,糸,,,,,セキ,,,,,,,,,,,
,籍,,竹,,S,,,セキ,,,,,,,,,,,
,切,,刀,,,,,セツ,（サイ）,,,,き-る,き-れる,,,,,
,折,,手,,,,,セツ,,,,,お-る,おり,お-れる,,,,
,拙,,手,,S,,,セツ,,,,,つたな-い,,,,,,
,窃,竊,穴,,S,,,セツ,,,,,,,,,,,
,接,,手,,,,,セツ,,,,,つ-ぐ,,,,,,
,設,,言,,,,,セツ,,,,,もう-ける,,,,,,
,雪,,雨,,,,,セツ,,,,,ゆき,,,,,,
,摂,攝,手,,S,,,セツ,,,,,,,,,,,
,節,節 ,竹,,,,,セツ,（セチ）,,,,ふし,,,,,,
,説,,言,,,,,セツ,（ゼイ）,,,,と-く,,,,,,
,舌,,舌,,,,,ゼツ,,,,,した,,,,,,
,絶,,糸,,,,,ゼツ,,,,,た-える,た-やす,た-つ,,,,
,千,,十,,,,,セン,,,,,ち,,,,,,
,川,,巛,,,,,セン,,,,,かわ,,,,,,
,仙,,人,,S,,,セン,,,,,,,,,,,
,占,,卜,,S,,,セン,,,,,し-める,うらな-う,,,,,
,先,,儿,,,,,セン,,,,,さき,,,,,,
,宣,,宀,,,,,セン,,,,,,,,,,,
,専,專,寸,,,,,セン,,,,,もっぱ-ら,,,,,,
,泉,,水,,,,,セン,,,,,いずみ,,,,,,
,浅,淺,水,,,,,セン,,,,,あさ-い,,,,,,
,洗,,水,,,,,セン,,,,,あら-う,,,,,,
,染,,木,,,,,セン,,,,,そ-める,そ-まる,し-みる,し-み,,,
,扇,,戶,,S,,,セン,,,,,おうぎ,,,,,,
,栓,,木,,S,,,セン,,,,,,,,,,,
,旋,,方,,S,,,セン,,,,,,,,,,,
,船,,舟,,,,,セン,,,,,ふね,（ふな）,,,,,
,戦,戰,戈,,,,,セン,,,,,いくさ,たたか-う,,,,,
,煎 ,,火,,S,,,セン,,,,,い-る,,,,,,
,羨,,羊,,S,,,セン,,,,,うらや-む,うらや-ましい,,,,,
,腺,,肉,,S,,,セン,,,,,,,,,,,
,詮 ,,言,,S,,,セン,,,,,,,,,,,
,践,踐,足,,S,,,セン,,,,,,,,,,,
,箋 ,,竹,,S,,,セン,,,,,,,,,,,
,銭,錢,金,,,,,セン,,,,,ぜに,,,,,,
,銑,,金,,S,,,セン,,,,,,,,,,,
,潜,潛,水,,S,,,セン,,,,,ひそ-む,もぐ-る,,,,,
,線,,糸,,,,,セン,,,,,,,,,,,
,遷,,辵,,S,,,セン,,,,,,,,,,,
,選,,辵,,,,,セン,,,,,えら-ぶ,,,,,,
,薦,,艸,,S,,,セン,,,,,すす-める,,,,,,
,繊,纖,糸,,S,,,セン,,,,,,,,,,,
,鮮,,魚,,S,,,セン,,,,,あざ-やか,,,,,,
,全,,入,,,,,ゼン,,,,,まった-く,すべ-て,,,,,
,前,,刀,,,,,ゼン,,,,,まえ,,,,,,
,善,,口,,,,,ゼン,,,,,よ-い,,,,,,
,然,,火,,,,,ゼン,ネン,,,,,,,,,,
,禅,禪,示,,S,,,ゼン,,,,,,,,,,,
,漸,,水,,S,,,ゼン,,,,,,,,,,,
,膳,,肉,,S,,,ゼン,,,,,,,,,,,
,繕,,糸,,S,,,ゼン,,,,,つくろ-う,,,,,,
,狙,,犬,,S,,,ソ,,,,,ねら-う,,,,,,
,阻,,阜,,S,,,ソ,,,,,はば-む,,,,,,
,祖,祖 ,示,,,,,ソ,,,,,,,,,,,
,租,,禾,,S,,,ソ,,,,,,,,,,,
,素,,糸,,,,,ソ,ス,,,,,,,,,,
,措,,手,,S,,,ソ,,,,,,,,,,,
,粗,,米,,S,,,ソ,,,,,あら-い,,,,,,
,組,,糸,,,,,ソ,,,,,く-む,くみ,,,,,
,疎,,疋,,S,,,ソ,,,,,うと-い,うと-む,,,,,
,訴,,言,,S,,,ソ,,,,,うった-える,,,,,,
,塑,,土,,S,,,ソ,,,,,,,,,,,
,遡 ,,辵,,S,,,ソ,,,,,さかのぼ-る,,,,,,
,礎,,石,,S,,,ソ,,,,,いしずえ,,,,,,
,双,雙,隹,,S,,,ソウ,,,,,ふた,,,,,,
,壮,壯,士,,S,,,ソウ,,,,,,,,,,,
,早,,日,,,,,ソウ,（サッ）,,,,はや-い,はや-まる,はや-める,,,,
,争,爭,爪,,,,,ソウ,,,,,あらそ-う,,,,,,
,走,,走,,,,,ソウ,,,,,はし-る,,,,,,
,奏,,大,,,,,ソウ,,,,,かな-でる,,,,,,
,相,,目,,,,,ソウ,ショウ,,,,あい,,,,,,
,荘,莊,艸,,S,,,ソウ,,,,,,,,,,,
,草,,艸,,,,,ソウ,,,,,くさ,,,,,,
,送,,辵,,,,,ソウ,,,,,おく-る,,,,,,
,倉,,人,,,,,ソウ,,,,,くら,,,,,,
,捜,搜,手,,S,,,ソウ,,,,,さが-す,,,,,,
,挿,插,手,,S,,,ソウ,,,,,さ-す,,,,,,
,桑,,木,,S,,,ソウ,,,,,くわ,,,,,,
,巣,巢,巛,,,,,ソウ,,,,,す,,,,,,
,掃,,手,,S,,,ソウ,,,,,は-く,,,,,,
,曹,,曰,,S,,,ソウ,,,,,,,,,,,
,曽,曾,曰,,S,,,ソウ,（ゾ）,,,,,,,,,,
,爽,,爻,,S,,,ソウ,,,,,さわ-やか,,,,,,
,窓,,穴,,,,,ソウ,,,,,まど,,,,,,
,創,,刀,,,,,ソウ,,,,,つく-る,,,,,,
,喪,,口,,S,,,ソウ,,,,,も,,,,,,
,痩,瘦,疒,,S,,,ソウ,,,,,や-せる,,,,,,
,葬,,艸,,S,,,ソウ,,,,,ほうむ-る,,,,,,
,装,裝,衣,,,,,ソウ,ショウ,,,,よそお-う,,,,,,
,僧,僧 ,人,,S,,,ソウ,,,,,,,,,,,
,想,,心,,,,,ソウ,（ソ）,,,,,,,,,,
,層,層 ,尸,,,,,ソウ,,,,,,,,,,,
,総,總,糸,,,,,ソウ,,,,,,,,,,,
,遭,,辵,,S,,,ソウ,,,,,あ-う,,,,,,
,槽,,木,,S,,,ソウ,,,,,,,,,,,
,踪,,足,,S,,,ソウ,,,,,,,,,,,
,操,,手,,,,,ソウ,,,,,みさお,あやつ-る,,,,,
,燥,,火,,S,,,ソウ,,,,,,,,,,,
,霜,,雨,,S,,,ソウ,,,,,しも,,,,,,
,騒,騷,馬,,S,,,ソウ,,,,,さわ-ぐ,,,,,,
,藻,,艸,,S,,,ソウ,,,,,も,,,,,,
,造,,辵,,,,,ゾウ,,,,,つく-る,,,,,,
,像,,人,,,,,ゾウ,,,,,,,,,,,
,増,增,土,,,,,ゾウ,,,,,ま-す,ふ-える,ふ-やす,,,,
,憎,憎 ,心,,S,,,ゾウ,,,,,にく-む,にく-い,にく-らしい,にく-しみ,,,
,蔵,藏,艸,,,,,ゾウ,,,,,くら,,,,,,
,贈,贈 ,貝,,S,,,ゾウ,（ソウ）,,,,おく-る,,,,,,
,臓,臟,肉,,,,,ゾウ,,,,,,,,,,,
,即,卽,卩,,S,,,ソク,,,,,,,,,,,
,束,,木,,,,,ソク,,,,,たば,,,,,,
,足,,足,,,,,ソク,,,,,あし,た-りる,た-る,た-す,,,
,促,,人,,S,,,ソク,,,,,うなが-す,,,,,,
,則,,刀,,,,,ソク,,,,,,,,,,,
,息,,心,,,,,ソク,,,,,いき,,,,,,
,捉,,手,,S,,,ソク,,,,,とら-える,,,,,,
,速,,辵,,,,,ソク,,,,,はや-い,はや-める,はや-まる,すみ-やか,,,
,側,,人,,,,,ソク,,,,,がわ,,,,,,
,測,,水,,,,,ソク,,,,,はか-る,,,,,,
,俗,,人,,S,,,ゾク,,,,,,,,,,,
,族,,方,,,,,ゾク,,,,,,,,,,,
,属,屬,尸,,,,,ゾク,,,,,,,,,,,
,賊,,貝,,S,,,ゾク,,,,,,,,,,,
,続,續,糸,,,,,ゾク,,,,,つづ-く,つづ-ける,,,,,
,卒,,十,,,,,ソツ,,,,,,,,,,,
,率,,玄,,,,,ソツ,リツ,,,,ひき-いる,,,,,,
,存,,子,,,,,ソン,ゾン,,,,,,,,,,
,村,,木,,,,,ソン,,,,,むら,,,,,,
,孫,,子,,,,,ソン,,,,,まご,,,,,,
,尊,,寸,,,,,ソン,,,,,たっと-い,とうと-い,たっと-ぶ,とうと-ぶ,,,
,損,,手,,,,,ソン,,,,,そこ-なう,そこ-ねる,,,,,
,遜 ,,辵,,S,,,ソン,,,,,,,,,,,
,他,,人,,,,,タ,,,,,ほか,,,,,,
,多,,夕,,,,,タ,,,,,おお-い,,,,,,
,汰,,水,,S,,,タ,,,,,,,,,,,
,打,,手,,,,,ダ,,,,,う-つ,,,,,,
,妥,,女,,S,,,ダ,,,,,,,,,,,
,唾,,口,,S,,,ダ,,,,,つば,,,,,,
,堕,墮,土,,S,,,ダ,,,,,,,,,,,
,惰,,心,,S,,,ダ,,,,,,,,,,,
,駄,,馬,,S,,,ダ,,,,,,,,,,,
,太,,大,,,,,タイ,タ,,,,ふと-い,ふと-る,,,,,
,対,對,寸,,,,,タイ,ツイ,,,,,,,,,,
,体,體,骨,,,,,タイ,テイ,,,,からだ,,,,,,
,耐,,而,,S,,,タイ,,,,,た-える,,,,,,
,待,,彳,,,,,タイ,,,,,ま-つ,,,,,,
,怠,,心,,S,,,タイ,,,,,おこた-る,なま-ける,,,,,
,胎,,肉,,S,,,タイ,,,,,,,,,,,
,退,,辵,,,,,タイ,,,,,しりぞ-く,しりぞ-ける,,,,,
,帯,帶,巾,,,,,タイ,,,,,お-びる,おび,,,,,
,泰,,水,,S,,,タイ,,,,,,,,,,,
,堆,,土,,S,,,タイ,,,,,,,,,,,
,袋,,衣,,S,,,タイ,,,,,ふくろ,,,,,,
,逮,,辵,,S,,,タイ,,,,,,,,,,,
,替,,曰,,S,,,タイ,,,,,か-える,か-わる,,,,,
,貸,,貝,,,,,タイ,,,,,か-す,,,,,,
,隊,,阜,,,,,タイ,,,,,,,,,,,
,滞,滯,水,,S,,,タイ,,,,,とどこお-る,,,,,,
,態,,心,,,,,タイ,,,,,,,,,,,
,戴,,戈,,S,,,タイ,,,,,,,,,,,
,大,,大,,,,,ダイ,タイ,,,,おお,おお-きい,おお-いに,,,,
,代,,人,,,,,ダイ,タイ,,,,か-わる,か-える,よ,しろ,,,
,台,臺,至,,,,,ダイ,タイ,,,,,,,,,,
,第,,竹,,,,,ダイ,,,,,,,,,,,
,題,,頁,,,,,ダイ,,,,,,,,,,,
,滝,瀧,水,,S,,,,,,,,たき,,,,,,
,宅,,宀,,,,,タク,,,,,,,,,,,
,択,擇,手,,S,,,タク,,,,,,,,,,,
,沢,澤,水,,S,,,タク,,,,,さわ,,,,,,
,卓,,十,,S,,,タク,,,,,,,,,,,
,拓,,手,,S,,,タク,,,,,,,,,,,
,託,,言,,S,,,タク,,,,,,,,,,,
,濯,,水,,S,,,タク,,,,,,,,,,,
,諾,,言,,S,,,ダク,,,,,,,,,,,
,濁,,水,,S,,,ダク,,,,,にご-る,にご-す,,,,,
,但,,人,,S,,,,,,,,ただ-し,,,,,,
,達,,辵,,,,,タツ,,,,,,,,,,,
,脱,,肉,,S,,,ダツ,,,,,ぬ-ぐ,ぬ-げる,,,,,
,奪,,大,,S,,,ダツ,,,,,うば-う,,,,,,
,棚,,木,,S,,,,,,,,たな,,,,,,
,誰,,言,,S,,,,,,,,だれ,,,,,,
,丹,,丶,,S,,,タン,,,,,,,,,,,
,旦,,日,,S,,,タン,ダン,,,,,,,,,,
,担,擔,手,,,,,タン,,,,,かつ-ぐ,にな-う,,,,,
,単,單,口,,,,,タン,,,,,,,,,,,
,炭,,火,,,,,タン,,,,,すみ,,,,,,
,胆,膽,肉,,S,,,タン,,,,,,,,,,,
,探,,手,,,,,タン,,,,,さぐ-る,さが-す,,,,,
,淡,,水,,S,,,タン,,,,,あわ-い,,,,,,
,短,,矢,,,,,タン,,,,,みじか-い,,,,,,
,嘆,嘆 ,口,,S,,,タン,,,,,なげ-く,なげ-かわしい,,,,,
,端,,立,,S,,,タン,,,,,はし,は,はた,,,,
,綻,,糸,,S,,,タン,,,,,ほころ-びる,,,,,,
,誕,,言,,,,,タン,,,,,,,,,,,
,鍛,,金,,S,,,タン,,,,,きた-える,,,,,,
,団,團,囗,,,,,ダン,（トン）,,,,,,,,,,
,男,,田,,,,,ダン,ナン,,,,おとこ,,,,,,
,段,,殳,,,,,ダン,,,,,,,,,,,
,断,斷,斤,,,,,ダン,,,,,た-つ,ことわ-る,,,,,
,弾,彈,弓,,S,,,ダン,,,,,ひ-く,はず-む,たま,,,,
,暖,,日,,,,,ダン,,,,,あたた-か,あたた-かい,あたた-まる,あたた-める,,,
,談,,言,,,,,ダン,,,,,,,,,,,
,壇,,土,,S,,,ダン,（タン）,,,,,,,,,,
,地,,土,,,,,チ,ジ,,,,,,,,,,
,池,,水,,,,,チ,,,,,いけ,,,,,,
,知,,矢,,,,,チ,,,,,し-る,,,,,,
,値,,人,,,,,チ,,,,,ね,あたい,,,,,
,恥,,心,,S,,,チ,,,,,は-じる,はじ,は-じらう,は-ずかしい,,,
,致,,至,,S,,,チ,,,,,いた-す,,,,,,
,遅,遲,辵,,S,,,チ,,,,,おく-れる,おく-らす,おそ-い,,,,
,痴,癡,疒,,S,,,チ,,,,,,,,,,,
,稚,,禾,,S,,,チ,,,,,,,,,,,
,置,,网,,,,,チ,,,,,お-く,,,,,,
,緻,,糸,,S,,,チ,,,,,,,,,,,
,竹,,竹,,,,,チク,,,,,たけ,,,,,,
,畜,,田,,S,,,チク,,,,,,,,,,,
,逐,,辵,,S,,,チク,,,,,,,,,,,
,蓄,,艸,,S,,,チク,,,,,たくわ-える,,,,,,
,築,,竹,,,,,チク,,,,,きず-く,,,,,,
,秩,,禾,,S,,,チツ,,,,,,,,,,,
,窒,,穴,,S,,,チツ,,,,,,,,,,,
,茶,,艸,,,,,チャ,サ,,,,,,,,,,
,着,,羊,,,,,チャク,（ジャク）,,,,き-る,き-せる,つ-く,つ-ける,,,
,嫡,,女,,S,,,チャク,,,,,,,,,,,
,中,,丨,,,,,チュウ,（ジュウ）,,,,なか,,,,,,
,仲,,人,,,,,チュウ,,,,,なか,,,,,,
,虫,蟲,虫,,,,,チュウ,,,,,むし,,,,,,
,沖,,水,,S,,,チュウ,,,,,おき,,,,,,
,宙,,宀,,,,,チュウ,,,,,,,,,,,
,忠,,心,,,,,チュウ,,,,,,,,,,,
,抽,,手,,S,,,チュウ,,,,,,,,,,,
,注,,水,,,,,チュウ,,,,,そそ-ぐ,,,,,,
,昼,晝,日,,,,,チュウ,,,,,ひる,,,,,,
,柱,,木,,,,,チュウ,,,,,はしら,,,,,,
,衷,,衣,,S,,,チュウ,,,,,,,,,,,
,酎,,酉,,S,,,チュウ,,,,,,,,,,,
,鋳,鑄,金,,S,,,チュウ,,,,,い-る,,,,,,
,駐,,馬,,S,,,チュウ,,,,,,,,,,,
,著,著 ,艸,,,,,チョ,,,,,あらわ-す,いちじる-しい,,,,,
,貯,,貝,,,,,チョ,,,,,,,,,,,
,丁,,一,,,,,チョウ,テイ,,,,,,,,,,
,弔,,弓,,S,,,チョウ,,,,,とむら-う,,,,,,
,庁,廳,广,,,,,チョウ,,,,,,,,,,,
,兆,,儿,,,,,チョウ,,,,,きざ-す,きざ-し,,,,,
,町,,田,,,,,チョウ,,,,,まち,,,,,,
,長,,長,,,,,チョウ,,,,,なが-い,,,,,,
,挑,,手,,S,,,チョウ,,,,,いど-む,,,,,,
,帳,,巾,,,,,チョウ,,,,,,,,,,,
,張,,弓,,,,,チョウ,,,,,は-る,,,,,,
,彫,,彡,,S,,,チョウ,,,,,ほ-る,,,,,,
,眺,,目,,S,,,チョウ,,,,,なが-める,,,,,,
,釣,,金,,S,,,チョウ,,,,,つ-る,,,,,,
,頂,,頁,,,,,チョウ,,,,,いただ-く,いただき,,,,,
,鳥,,鳥,,,,,チョウ,,,,,とり,,,,,,
,朝,,月,,,,,チョウ,,,,,あさ,,,,,,
,脹,,肉,,S,,,チョウ,,,,,,,,,,,
,貼,,貝,,S,,,チョウ,,,,,は-る,,,,,,
,超,,走,,S,,,チョウ,,,,,こ-える,こ-す,,,,,
,腸,,肉,,,,,チョウ,,,,,,,,,,,
,跳,,足,,S,,,チョウ,,,,,は-ねる,と-ぶ,,,,,
,徴,徵,彳,,S,,,チョウ,,,,,,,,,,,
,嘲 ,,口,,S,,,チョウ,,,,,あざけ-る,,,,,,
,潮,,水,,,,,チョウ,,,,,しお,,,,,,
,澄,,水,,S,,,チョウ,,,,,す-む,す-ます,,,,,
,調,,言,,,,,チョウ,,,,,しら-べる,ととの-う,ととの-える,,,,
,聴,聽,耳,,S,,,チョウ,,,,,き-く,,,,,,
,懲,懲 ,心,,S,,,チョウ,,,,,こ-りる,こ-らす,こ-らしめる,,,,
,直,,目,,,,,チョク,ジキ,,,,ただ-ちに,なお-す,なお-る,,,,
,勅,敕,力,,S,,,チョク,,,,,,,,,,,
,捗 ,,手,,S,,,チョク,,,,,,,,,,,
,沈,,水,,S,,,チン,,,,,しず-む,しず-める,,,,,
,珍,,玉,,S,,,チン,,,,,めずら-しい,,,,,,
,朕,,月,,S,,,チン,,,,,,,,,,,
,陳,,阜,,S,,,チン,,,,,,,,,,,
,賃,,貝,,,,,チン,,,,,,,,,,,
,鎮,鎭,金,,S,,,チン,,,,,しず-める,しず-まる,,,,,
,追,,辵,,,,,ツイ,,,,,お-う,,,,,,
,椎,,木,,S,,,ツイ,,,,,,,,,,,
,墜,,土,,S,,,ツイ,,,,,,,,,,,
,通,,辵,,,,,ツウ,（ツ）,,,,とお-る,とお-す,かよ-う,,,,
,痛,,疒,,,,,ツウ,,,,,いた-い,いた-む,いた-める,,,,
,塚,塚 ,土,,S,,,,,,,,つか,,,,,,
,漬,,水,,S,,,,,,,,つ-ける,つ-かる,,,,,
,坪,,土,,S,,,,,,,,つぼ,,,,,,
,爪,,爪,,S,,,,,,,,つめ,（つま）,,,,,
,鶴,,鳥,,S,,,,,,,,つる,,,,,,
,低,,人,,,,,テイ,,,,,ひく-い,ひく-める,ひく-まる,,,,
,呈,,口,,S,,,テイ,,,,,,,,,,,
,廷,,廴,,S,,,テイ,,,,,,,,,,,
,弟,,弓,,,,,テイ,（ダイ）,（デ）,,,おとうと,,,,,,
,定,,宀,,,,,テイ,ジョウ,,,,さだ-める,さだ-まる,さだ-か,,,,
,底,,广,,,,,テイ,,,,,そこ,,,,,,
,抵,,手,,S,,,テイ,,,,,,,,,,,
,邸,,邑,,S,,,テイ,,,,,,,,,,,
,亭,,亠,,S,,,テイ,,,,,,,,,,,
,貞,,貝,,S,,,テイ,,,,,,,,,,,
,帝,,巾,,S,,,テイ,,,,,,,,,,,
,訂,,言,,S,,,テイ,,,,,,,,,,,
,庭,,广,,,,,テイ,,,,,にわ,,,,,,
,逓,遞,辵,,S,,,テイ,,,,,,,,,,,
,停,,人,,,,,テイ,,,,,,,,,,,
,偵,,人,,S,,,テイ,,,,,,,,,,,
,堤,,土,,S,,,テイ,,,,,つつみ,,,,,,
,提,,手,,,,,テイ,,,,,さ-げる,,,,,,
,程,,禾,,,,,テイ,,,,,ほど,,,,,,
,艇,,舟,,S,,,テイ,,,,,,,,,,,
,締,,糸,,S,,,テイ,,,,,し-まる,し-める,,,,,
,諦 ,,言,,S,,,テイ,,,,,あきら-める,,,,,,
,泥,,水,,S,,,デイ,,,,,どろ,,,,,,
,的,,白,,,,,テキ,,,,,まと,,,,,,
,笛,,竹,,,,,テキ,,,,,ふえ,,,,,,
,摘,,手,,S,,,テキ,,,,,つ-む,,,,,,
,滴,,水,,S,,,テキ,,,,,しずく,したた-る,,,,,
,適,,辵,,,,,テキ,,,,,,,,,,,
,敵,,攴,,,,,テキ,,,,,かたき,,,,,,
,溺 ,,水,,S,,,デキ,,,,,おぼ-れる,,,,,,
,迭,,辵,,S,,,テツ,,,,,,,,,,,
,哲,,口,,S,,,テツ,,,,,,,,,,,
,鉄,鐵,金,,,,,テツ,,,,,,,,,,,
,徹,,彳,,S,,,テツ,,,,,,,,,,,
,撤,,手,,S,,,テツ,,,,,,,,,,,
,天,,大,,,,,テン,,,,,あめ,（あま）,,,,,
,典,,八,,,,,テン,,,,,,,,,,,
,店,,广,,,,,テン,,,,,みせ,,,,,,
,点,點,黑,,,,,テン,,,,,,,,,,,
,展,,尸,,,,,テン,,,,,,,,,,,
,添,,水,,S,,,テン,,,,,そ-える,そ-う,,,,,
,転,轉,車,,,,,テン,,,,,ころ-がる,ころ-げる,ころ-がす,ころ-ぶ,,,
,塡 ,,土,,S,,,テン,,,,,,,,,,,
,田,,田,,,,,デン,,,,,た,,,,,,
,伝,傳,人,,,,,デン,,,,,つた-わる,つた-える,つた-う,,,,
,殿,,殳,,S,,,デン,テン,,,,との,どの,,,,,
,電,,雨,,,,,デン,,,,,,,,,,,
,斗,,斗,,S,,,ト,,,,,,,,,,,
,吐,,口,,S,,,ト,,,,,は-く,,,,,,
,妬,,女,,S,,,ト,,,,,ねた-む,,,,,,
,徒,,彳,,,,,ト,,,,,,,,,,,
,途,,辵,,S,,,ト,,,,,,,,,,,
,都,都 ,邑,,,,,ト,ツ,,,,みやこ,,,,,,
,渡,,水,,S,,,ト,,,,,わた-る,わた-す,,,,,
,塗,,土,,S,,,ト,,,,,ぬ-る,,,,,,
,賭 ,,貝,,S,,,ト,,,,,か-ける,,,,,,
,土,,土,,,,,ド,ト,,,,つち,,,,,,
,奴,,女,,S,,,ド,,,,,,,,,,,
,努,,力,,,,,ド,,,,,つと-める,,,,,,
,度,,广,,,,,ド,（ト）,（タク）,,,たび,,,,,,
,怒,,心,,S,,,ド,,,,,いか-る,おこ-る,,,,,
,刀,,刀,,,,,トウ,,,,,かたな,,,,,,
,冬,,冫,,,,,トウ,,,,,ふゆ,,,,,,
,灯,燈,火,,,,,トウ,,,,,ひ,,,,,,
,当,當,田,,,,,トウ,,,,,あ-たる,あ-てる,,,,,
,投,,手,,,,,トウ,,,,,な-げる,,,,,,
,豆,,豆,,,,,トウ,（ズ）,,,,まめ,,,,,,
,東,,木,,,,,トウ,,,,,ひがし,,,,,,
,到,,刀,,S,,,トウ,,,,,,,,,,,
,逃,,辵,,S,,,トウ,,,,,に-げる,に-がす,のが-す,のが-れる,,,
,倒,,人,,S,,,トウ,,,,,たお-れる,たお-す,,,,,
,凍,,冫,,S,,,トウ,,,,,こお-る,こご-える,,,,,
,唐,,口,,S,,,トウ,,,,,から,,,,,,
,島,,山,,,,,トウ,,,,,しま,,,,,,
,桃,,木,,S,,,トウ,,,,,もも,,,,,,
,討,,言,,,,,トウ,,,,,う-つ,,,,,,
,透,,辵,,S,,,トウ,,,,,す-く,す-かす,す-ける,,,,
,党,黨,黑,,,,,トウ,,,,,,,,,,,
,悼,,心,,S,,,トウ,,,,,いた-む,,,,,,
,盗,盜,皿,,S,,,トウ,,,,,ぬす-む,,,,,,
,陶,,阜,,S,,,トウ,,,,,,,,,,,
,塔,,土,,S,,,トウ,,,,,,,,,,,
,搭,,手,,S,,,トウ,,,,,,,,,,,
,棟,,木,,S,,,トウ,,,,,むね,（むな）,,,,,
,湯,,水,,,,,トウ,,,,,ゆ,,,,,,
,痘,,疒,,S,,,トウ,,,,,,,,,,,
,登,,癶,,,,,トウ,ト,,,,のぼ-る,,,,,,
,答,,竹,,,,,トウ,,,,,こた-える,こた-え,,,,,
,等,,竹,,,,,トウ,,,,,ひと-しい,,,,,,
,筒,,竹,,S,,,トウ,,,,,つつ,,,,,,
,統,,糸,,,,,トウ,,,,,す-べる,,,,,,
,稲,稻,禾,,S,,,トウ,,,,,いね,（いな）,,,,,
,踏,,足,,S,,,トウ,,,,,ふ-む,ふ-まえる,,,,,
,糖,,米,,,,,トウ,,,,,,,,,,,
,頭,,頁,,,,,トウ,ズ,（ト）,,,あたま,かしら,,,,,
,謄,,言,,S,,,トウ,,,,,,,,,,,
,藤,,艸,,S,,,トウ,,,,,ふじ,,,,,,
,闘,鬭,鬥,,S,,,トウ,,,,,たたか-う,,,,,,
,騰,,馬,,S,,,トウ,,,,,,,,,,,
,同,,口,,,,,ドウ,,,,,おな-じ,,,,,,
,洞,,水,,S,,,ドウ,,,,,ほら,,,,,,
,胴,,肉,,S,,,ドウ,,,,,,,,,,,
,動,,力,,,,,ドウ,,,,,うご-く,うご-かす,,,,,
,堂,,土,,,,,ドウ,,,,,,,,,,,
,童,,立,,,,,ドウ,,,,,わらべ,,,,,,
,道,,辵,,,,,ドウ,（トウ）,,,,みち,,,,,,
,働,,人,,,,,ドウ,,,,,はたら-く,,,,,,
,銅,,金,,,,,ドウ,,,,,,,,,,,
,導,,寸,,,,,ドウ,,,,,みちび-く,,,,,,
,瞳,,目,,S,,,ドウ,,,,,ひとみ,,,,,,
,峠,,山,,S,,,,,,,,とうげ,,,,,,
,匿,,匸,,S,,,トク,,,,,,,,,,,
,特,,牛,,,,,トク,,,,,,,,,,,
,得,,彳,,,,,トク,,,,,え-る,う-る,,,,,
,督,,目,,S,,,トク,,,,,,,,,,,
,徳,德,彳,,,,,トク,,,,,,,,,,,
,篤,,竹,,S,,,トク,,,,,,,,,,,
,毒,,毋,,,,,ドク,,,,,,,,,,,
,独,獨,犬,,,,,ドク,,,,,ひと-り,,,,,,
,読,讀,言,,,,,ドク,トク,（トウ）,,,よ-む,,,,,,
,栃 ,,木,,S,,,,,,,,（とち）,,,,,,
,凸,,凵,,S,,,トツ,,,,,,,,,,,
,突,突 ,穴,,S,,,トツ,,,,,つ-く,,,,,,
,届,屆,尸,,,,,,,,,,とど-ける,とど-く,,,,,
,屯,,屮,,S,,,トン,,,,,,,,,,,
,豚,,豕,,S,,,トン,,,,,ぶた,,,,,,
,頓,,頁,,S,,,トン,,,,,,,,,,,
,貪,,貝,,S,,,ドン,,,,,むさぼ-る,,,,,,
,鈍,,金,,S,,,ドン,,,,,にぶ-い,にぶ-る,,,,,
,曇,,日,,S,,,ドン,,,,,くも-る,,,,,,
,丼,,丶,,S,,,,,,,,どんぶり,（どん）,,,,,
,那,,邑,,S,,,ナ,,,,,,,,,,,
,奈,,大,,S,,,ナ,,,,,,,,,,,
,内,,入,,,,,ナイ,（ダイ）,,,,うち,,,,,,
,梨,,木,,S,,,,,,,,なし,,,,,,
,謎 ,,言,,S,,,,,,,,なぞ,,,,,,
,鍋,,金,,S,,,,,,,,なべ,,,,,,
,南,,十,,,,,ナン,（ナ）,,,,みなみ,,,,,,
,軟,,車,,S,,,ナン,,,,,やわ-らか,やわ-らかい,,,,,
,難,難 ,隹,,,,,ナン,,,,,かた-い,むずか-しい,,,,,
,二,,二,,,,,ニ,,,,,ふた,ふた-つ,,,,,
,尼,,尸,,S,,,ニ,,,,,あま,,,,,,
,弐,貳,貝,,S,,,ニ,,,,,,,,,,,
,匂,,勹,,S,,,,,,,,にお-う,,,,,,
,肉,,肉,,,,,ニク,,,,,,,,,,,
,虹,,虫,,S,,,,,,,,にじ,,,,,,
,日,,日,,,,,ニチ,ジツ,,,,ひ,か,,,,,
,入,,入,,,,,ニュウ,,,,,い-る,い-れる,はい-る,,,,
,乳,,乙,,,,,ニュウ,,,,,ちち,ち,,,,,
,尿,,尸,,S,,,ニョウ,,,,,,,,,,,
,任,,人,,,,,ニン,,,,,まか-せる,まか-す,,,,,
,妊,,女,,S,,,ニン,,,,,,,,,,,
,忍,,心,,S,,,ニン,,,,,しの-ぶ,しの-ばせる,,,,,
,認,,言,,,,,ニン,,,,,みと-める,,,,,,
,寧,,宀,,S,,,ネイ,,,,,,,,,,,
,熱,,火,,,,,ネツ,,,,,あつ-い,,,,,,
,年,,干,,,,,ネン,,,,,とし,,,,,,
,念,,心,,,,,ネン,,,,,,,,,,,
,捻,,手,,S,,,ネン,,,,,,,,,,,
,粘,,米,,S,,,ネン,,,,,ねば-る,,,,,,
,燃,,火,,,,,ネン,,,,,も-える,も-やす,も-す,,,,
,悩,惱,心,,S,,,ノウ,,,,,なや-む,なや-ます,,,,,
,納,,糸,,,,,ノウ,（ナッ）,（ナ）,（ナン）,（トウ）,おさ-める,おさ-まる,,,,,
,能,,肉,,,,,ノウ,,,,,,,,,,,
,脳,腦,肉,,,,,ノウ,,,,,,,,,,,
,農,,辰,,,,,ノウ,,,,,,,,,,,
,濃,,水,,S,,,ノウ,,,,,こ-い,,,,,,
,把,,手,,S,,,ハ,,,,,,,,,,,
,波,,水,,,,,ハ,,,,,なみ,,,,,,
,派,,水,,,,,ハ,,,,,,,,,,,
,破,,石,,,,,ハ,,,,,やぶ-る,やぶ-れる,,,,,
,覇,霸,襾,,S,,,ハ,,,,,,,,,,,
,馬,,馬,,,,,バ,,,,,うま,（ま）,,,,,
,婆,,女,,S,,,バ,,,,,,,,,,,
,罵,,网,,S,,,バ,,,,,ののし-る,,,,,,
,拝,拜,手,,,,,ハイ,,,,,おが-む,,,,,,
,杯,,木,,S,,,ハイ,,,,,さかずき,,,,,,
,背,,肉,,,,,ハイ,,,,,せ,せい,そむ-く,そむ-ける,,,
,肺,,肉,,,,,ハイ,,,,,,,,,,,
,俳,,人,,,,,ハイ,,,,,,,,,,,
,配,,酉,,,,,ハイ,,,,,くば-る,,,,,,
,排,,手,,S,,,ハイ,,,,,,,,,,,
,敗,,攴,,,,,ハイ,,,,,やぶ-れる,,,,,,
,廃,廢,广,,S,,,ハイ,,,,,すた-れる,すた-る,,,,,
,輩,,車,,S,,,ハイ,,,,,,,,,,,
,売,賣,貝,,,,,バイ,,,,,う-る,う-れる,,,,,
,倍,,人,,,,,バイ,,,,,,,,,,,
,梅,梅 ,木,,,,,バイ,,,,,うめ,,,,,,
,培,,土,,S,,,バイ,,,,,つちか-う,,,,,,
,陪,,阜,,S,,,バイ,,,,,,,,,,,
,媒,,女,,S,,,バイ,,,,,,,,,,,
,買,,貝,,,,,バイ,,,,,か-う,,,,,,
,賠,,貝,,S,,,バイ,,,,,,,,,,,
,白,,白,,,,,ハク,ビャク,,,,しろ,（しら）,しろ-い,,,,
,伯,,人,,S,,,ハク,,,,,,,,,,,
,拍,,手,,S,,,ハク,（ヒョウ）,,,,,,,,,,
,泊,,水,,S,,,ハク,,,,,と-まる,と-める,,,,,
,迫,,辵,,S,,,ハク,,,,,せま-る,,,,,,
,剝 ,,刀,,S,,,ハク,,,,,は-がす,は-ぐ,は-がれる,は-げる,,,
,舶,,舟,,S,,,ハク,,,,,,,,,,,
,博,,十,,,,,ハク,（バク）,,,,,,,,,,
,薄,,艸,,S,,,ハク,,,,,うす-い,うす-める,うす-まる,うす-らぐ,うす-れる,,
,麦,麥,麥,,,,,バク,,,,,むぎ,,,,,,
,漠,,水,,S,,,バク,,,,,,,,,,,
,縛,,糸,,S,,,バク,,,,,しば-る,,,,,,
,爆,,火,,S,,,バク,,,,,,,,,,,
,箱,,竹,,,,,,,,,,はこ,,,,,,
,箸 ,,竹,,S,,,,,,,,はし,,,,,,
,畑,,田,,,,,,,,,,はた,はたけ,,,,,
,肌,,肉,,S,,,,,,,,はだ,,,,,,
,八,,八,,,,,ハチ,,,,,や,や-つ,やっ-つ,（よう）,,,
,鉢,,金,,S,,,ハチ,（ハツ）,,,,,,,,,,
,発,發,癶,,,,,ハツ,ホツ,,,,,,,,,,
,髪,髮,髟,,S,,,ハツ,,,,,かみ,,,,,,
,伐,,人,,S,,,バツ,,,,,,,,,,,
,抜,拔,手,,S,,,バツ,,,,,ぬ-く,ぬ-ける,ぬ-かす,ぬ-かる,,,
,罰,,网,,S,,,バツ,バチ,,,,,,,,,,
,閥,,門,,S,,,バツ,,,,,,,,,,,
,反,,又,,,,,ハン,（ホン）,（タン）,,,そ-る,そ-らす,,,,,
,半,,十,,,,,ハン,,,,,なか-ば,,,,,,
,氾,,水,,S,,,ハン,,,,,,,,,,,
,犯,,犬,,,,,ハン,,,,,おか-す,,,,,,
,帆,,巾,,S,,,ハン,,,,,ほ,,,,,,
,汎 ,,水,,S,,,ハン,,,,,,,,,,,
,伴,,人,,S,,,ハン,バン,,,,ともな-う,,,,,,
,判,,刀,,,,,ハン,バン,,,,,,,,,,
,坂,,土,,,,,ハン,,,,,さか,,,,,,
,阪,,阜,,S,,,ハン,,,,,,,,,,,
,板,,木,,,,,ハン,バン,,,,いた,,,,,,
,版,,片,,,,,ハン,,,,,,,,,,,
,班,,玉,,,,,ハン,,,,,,,,,,,
,畔,,田,,S,,,ハン,,,,,,,,,,,
,般,,舟,,S,,,ハン,,,,,,,,,,,
,販,,貝,,S,,,ハン,,,,,,,,,,,
,斑,,文,,S,,,ハン,,,,,,,,,,,
,飯,,食,,,,,ハン,,,,,めし,,,,,,
,搬,,手,,S,,,ハン,,,,,,,,,,,
,煩,,火,,S,,,ハン,（ボン）,,,,わずら-う,わずら-わす,,,,,
,頒,,頁,,S,,,ハン,,,,,,,,,,,
,範,,竹,,S,,,ハン,,,,,,,,,,,
,繁,繁 ,糸,,S,,,ハン,,,,,,,,,,,
,藩,,艸,,S,,,ハン,,,,,,,,,,,
,晩,晚,日,,,,,バン,,,,,,,,,,,
,番,,田,,,,,バン,,,,,,,,,,,
,蛮,蠻,虫,,S,,,バン,,,,,,,,,,,
,盤,,皿,,S,,,バン,,,,,,,,,,,
,比,,比,,,,,ヒ,,,,,くら-べる,,,,,,
,皮,,皮,,,,,ヒ,,,,,かわ,,,,,,
,妃,,女,,S,,,ヒ,,,,,,,,,,,
,否,,口,,,,,ヒ,,,,,いな,,,,,,
,批,,手,,,,,ヒ,,,,,,,,,,,
,彼,,彳,,S,,,ヒ,,,,,かれ,（かの）,,,,,
,披,,手,,S,,,ヒ,,,,,,,,,,,
,肥,,肉,,,,,ヒ,,,,,こ-える,こえ,こ-やす,こ-やし,,,
,非,,非,,,,,ヒ,,,,,,,,,,,
,卑,卑 ,十,,S,,,ヒ,,,,,いや-しい,いや-しむ,いや-しめる,,,,
,飛,,飛,,,,,ヒ,,,,,と-ぶ,と-ばす,,,,,
,疲,,疒,,S,,,ヒ,,,,,つか-れる,,,,,,
,秘,祕,示,,,,,ヒ,,,,,ひ-める,,,,,,
,被,,衣,,S,,,ヒ,,,,,こうむ-る,,,,,,
,悲,,心,,,,,ヒ,,,,,かな-しい,かな-しむ,,,,,
,扉,,戶,,S,,,ヒ,,,,,とびら,,,,,,
,費,,貝,,,,,ヒ,,,,,つい-やす,つい-える,,,,,
,碑,碑 ,石,,S,,,ヒ,,,,,,,,,,,
,罷,,网,,S,,,ヒ,,,,,,,,,,,
,避,,辵,,S,,,ヒ,,,,,さ-ける,,,,,,
,尾,,尸,,S,,,ビ,,,,,お,,,,,,
,眉,,目,,S,,,ビ,（ミ）,,,,まゆ,,,,,,
,美,,羊,,,,,ビ,,,,,うつく-しい,,,,,,
,備,,人,,,,,ビ,,,,,そな-える,そな-わる,,,,,
,微,,彳,,S,,,ビ,,,,,,,,,,,
,鼻,,鼻,,,,,ビ,,,,,はな,,,,,,
,膝,,肉,,S,,,,,,,,ひざ,,,,,,
,肘,,肉,,S,,,,,,,,ひじ,,,,,,
,匹,,匸,,S,,,ヒツ,,,,,ひき,,,,,,
,必,,心,,,,,ヒツ,,,,,かなら-ず,,,,,,
,泌,,水,,S,,,ヒツ,ヒ,,,,,,,,,,
,筆,,竹,,,,,ヒツ,,,,,ふで,,,,,,
,姫,,女,,S,,,,,,,,ひめ,,,,,,
,百,,白,,,,,ヒャク,,,,,,,,,,,
,氷,,水,,,,,ヒョウ,,,,,こおり,ひ,,,,,
,表,,衣,,,,,ヒョウ,,,,,おもて,あらわ-す,あらわ-れる,,,,
,俵,,人,,,,,ヒョウ,,,,,たわら,,,,,,
,票,,示,,,,,ヒョウ,,,,,,,,,,,
,評,,言,,,,,ヒョウ,,,,,,,,,,,
,漂,,水,,S,,,ヒョウ,,,,,ただよ-う,,,,,,
,標,,木,,,,,ヒョウ,,,,,,,,,,,
,苗,,艸,,S,,,ビョウ,,,,,なえ,（なわ）,,,,,
,秒,,禾,,,,,ビョウ,,,,,,,,,,,
,病,,疒,,,,,ビョウ,（ヘイ）,,,,や-む,やまい,,,,,
,描,,手,,S,,,ビョウ,,,,,えが-く,か-く,,,,,
,猫,,犬,,S,,,ビョウ,,,,,ねこ,,,,,,
,品,,口,,,,,ヒン,,,,,しな,,,,,,
,浜,濱,水,,S,,,ヒン,,,,,はま,,,,,,
,貧,,貝,,,,,ヒン,ビン,,,,まず-しい,,,,,,
,賓,賓 ,貝,,S,,,ヒン,,,,,,,,,,,
,頻,頻 ,頁,,S,,,ヒン,,,,,,,,,,,
,敏,敏 ,攴,,S,,,ビン,,,,,,,,,,,
,瓶,甁,瓦,,S,,,ビン,,,,,,,,,,,
,不,,一,,,,,フ,ブ,,,,,,,,,,
,夫,,大,,,,,フ,（フウ）,,,,おっと,,,,,,
,父,,父,,,,,フ,,,,,ちち,,,,,,
,付,,人,,,,,フ,,,,,つ-ける,つ-く,,,,,
,布,,巾,,,,,フ,,,,,ぬの,,,,,,
,扶,,手,,S,,,フ,,,,,,,,,,,
,府,,广,,,,,フ,,,,,,,,,,,
,怖,,心,,S,,,フ,,,,,こわ-い,,,,,,
,阜,,阜,,S,,,（フ）,,,,,,,,,,,
,附,,阜,,S,,,フ,,,,,,,,,,,
,訃,,言,,S,,,フ,,,,,,,,,,,
,負,,貝,,,,,フ,,,,,ま-ける,ま-かす,お-う,,,,
,赴,,走,,S,,,フ,,,,,おもむ-く,,,,,,
,浮,,水,,S,,,フ,,,,,う-く,う-かれる,う-かぶ,う-かべる,,,
,婦,,女,,,,,フ,,,,,,,,,,,
,符,,竹,,S,,,フ,,,,,,,,,,,
,富,,宀,,,,,フ,（フウ）,,,,と-む,とみ,,,,,
,普,,日,,S,,,フ,,,,,,,,,,,
,腐,,肉,,S,,,フ,,,,,くさ-る,くさ-れる,くさ-らす,,,,
,敷,,攴,,S,,,フ,,,,,し-く,,,,,,
,膚,,肉,,S,,,フ,,,,,,,,,,,
,賦,,貝,,S,,,フ,,,,,,,,,,,
,譜,,言,,S,,,フ,,,,,,,,,,,
,侮,侮 ,人,,S,,,ブ,,,,,あなど-る,,,,,,
,武,,止,,,,,ブ,ム,,,,,,,,,,
,部,,邑,,,,,ブ,,,,,,,,,,,
,舞,,舛,,S,,,ブ,,,,,ま-う,まい,,,,,
,封,,寸,,S,,,フウ,ホウ,,,,,,,,,,
,風,,風,,,,,フウ,（フ）,,,,かぜ,（かざ）,,,,,
,伏,,人,,S,,,フク,,,,,ふ-せる,ふ-す,,,,,
,服,,月,,,,,フク,,,,,,,,,,,
,副,,刀,,,,,フク,,,,,,,,,,,
,幅,,巾,,S,,,フク,,,,,はば,,,,,,
,復,,彳,,,,,フク,,,,,,,,,,,
,福,福 ,示,,,,,フク,,,,,,,,,,,
,腹,,肉,,,,,フク,,,,,はら,,,,,,
,複,,衣,,,,,フク,,,,,,,,,,,
,覆,,襾,,S,,,フク,,,,,おお-う,くつがえ-す,くつがえ-る,,,,
,払,拂,手,,S,,,フツ,,,,,はら-う,,,,,,
,沸,,水,,S,,,フツ,,,,,わ-く,わ-かす,,,,,
,仏,佛,人,,,,,ブツ,,,,,ほとけ,,,,,,
,物,,牛,,,,,ブツ,モツ,,,,もの,,,,,,
,粉,,米,,,,,フン,,,,,こ,こな,,,,,
,紛,,糸,,S,,,フン,,,,,まぎ-れる,まぎ-らす,まぎ-らわす,まぎ-らわしい,,,
,雰,,雨,,S,,,フン,,,,,,,,,,,
,噴,,口,,S,,,フン,,,,,ふ-く,,,,,,
,墳,,土,,S,,,フン,,,,,,,,,,,
,憤,,心,,S,,,フン,,,,,いきどお-る,,,,,,
,奮,,大,,,,,フン,,,,,ふる-う,,,,,,
,分,,刀,,,,,ブン,フン,ブ,,,わ-ける,わ-かれる,わ-かる,わ-かつ,,,
,文,,文,,,,,ブン,モン,,,,ふみ,,,,,,
,聞,,耳,,,,,ブン,モン,,,,き-く,き-こえる,,,,,
,丙,,一,,S,,,ヘイ,,,,,,,,,,,
,平,,干,,,,,ヘイ,ビョウ,,,,たい-ら,ひら,,,,,
,兵,,八,,,,,ヘイ,ヒョウ,,,,,,,,,,
,併,倂,人,,S,,,ヘイ,,,,,あわ-せる,,,,,,
,並,竝,立,,,,,ヘイ,,,,,なみ,なら-べる,なら-ぶ,なら-びに,,,
,柄,,木,,S,,,ヘイ,,,,,がら,え,,,,,
,陛,,阜,,,,,ヘイ,,,,,,,,,,,
,閉,,門,,,,,ヘイ,,,,,と-じる,と-ざす,し-める,し-まる,,,
,塀,塀 ,土,,S,,,ヘイ,,,,,,,,,,,
,幣,,巾,,S,,,ヘイ,,,,,,,,,,,
,弊,,廾,,S,,,ヘイ,,,,,,,,,,,
,蔽 ,,艸,,S,,,ヘイ,,,,,,,,,,,
,餅 ,餠,食,,S,,,ヘイ,,,,,もち,,,,,,
,米,,米,,,,,ベイ,マイ,,,,こめ,,,,,,
,壁,,土,,S,,,ヘキ,,,,,かべ,,,,,,
,璧,,玉,,S,,,ヘキ,,,,,,,,,,,
,癖,,疒,,S,,,ヘキ,,,,,くせ,,,,,,
,別,,刀,,,,,ベツ,,,,,わか-れる,,,,,,
,蔑,,艸,,S,,,ベツ,,,,,さげす-む,,,,,,
,片,,片,,,,,ヘン,,,,,かた,,,,,,
,辺,邊,辵,,,,,ヘン,,,,,あた-り,べ,,,,,
,返,,辵,,,,,ヘン,,,,,かえ-す,かえ-る,,,,,
,変,變,言,,,,,ヘン,,,,,か-わる,か-える,,,,,
,偏,,人,,S,,,ヘン,,,,,かたよ-る,,,,,,
,遍,,辵,,S,,,ヘン,,,,,,,,,,,
,編,,糸,,,,,ヘン,,,,,あ-む,,,,,,
,弁,"辨
瓣
辯","辛
瓜
辛",,,,,ベン,,,,,,,,,,,
,便,,人,,,,,ベン,ビン,,,,たよ-り,,,,,,
,勉,勉 ,力,,,,,ベン,,,,,,,,,,,
,歩,步,止,,,,,ホ,ブ,（フ）,,,ある-く,あゆ-む,,,,,
,保,,人,,,,,ホ,,,,,たも-つ,,,,,,
,哺,,口,,S,,,ホ,,,,,,,,,,,
,捕,,手,,S,,,ホ,,,,,と-らえる,と-らわれる,と-る,つか-まえる,つか-まる,,
,補,,衣,,,,,ホ,,,,,おぎな-う,,,,,,
,舗,,舌,,S,,,ホ,,,,,,,,,,,
,母,,毋,,,,,ボ,,,,,はは,,,,,,
,募,,力,,S,,,ボ,,,,,つの-る,,,,,,
,墓,,土,,,,,ボ,,,,,はか,,,,,,
,慕,,心,,S,,,ボ,,,,,した-う,,,,,,
,暮,,日,,,,,ボ,,,,,く-れる,く-らす,,,,,
,簿,,竹,,S,,,ボ,,,,,,,,,,,
,方,,方,,,,,ホウ,,,,,かた,,,,,,
,包,,勹,,,,,ホウ,,,,,つつ-む,,,,,,
,芳,,艸,,S,,,ホウ,,,,,かんば-しい,,,,,,
,邦,,邑,,S,,,ホウ,,,,,,,,,,,
,奉,,大,,S,,,ホウ,（ブ）,,,,たてまつ-る,,,,,,
,宝,寶,宀,,,,,ホウ,,,,,たから,,,,,,
,抱,,手,,S,,,ホウ,,,,,だ-く,いだ-く,かか-える,,,,
,放,,攴,,,,,ホウ,,,,,はな-す,はな-つ,はな-れる,ほう-る,,,
,法,,水,,,,,ホウ,（ハッ）,（ホッ）,,,,,,,,,
,泡,,水,,S,,,ホウ,,,,,あわ,,,,,,
,胞,,肉,,S,,,ホウ,,,,,,,,,,,
,俸,,人,,S,,,ホウ,,,,,,,,,,,
,倣,,人,,S,,,ホウ,,,,,なら-う,,,,,,
,峰,,山,,S,,,ホウ,,,,,みね,,,,,,
,砲,,石,,S,,,ホウ,,,,,,,,,,,
,崩,,山,,S,,,ホウ,,,,,くず-れる,くず-す,,,,,
,訪,,言,,,,,ホウ,,,,,おとず-れる,たず-ねる,,,,,
,報,,土,,,,,ホウ,,,,,むく-いる,,,,,,
,蜂,,虫,,S,,,ホウ,,,,,はち,,,,,,
,豊,豐,豆,,,,,ホウ,,,,,ゆた-か,,,,,,
,飽,,食,,S,,,ホウ,,,,,あ-きる,あ-かす,,,,,
,褒,襃,衣,,S,,,ホウ,,,,,ほ-める,,,,,,
,縫,,糸,,S,,,ホウ,,,,,ぬ-う,,,,,,
,亡,,亠,,,,,ボウ,（モウ）,,,,な-い,,,,,,
,乏,,丿,,S,,,ボウ,,,,,とぼ-しい,,,,,,
,忙,,心,,S,,,ボウ,,,,,いそが-しい,,,,,,
,坊,,土,,S,,,ボウ,（ボッ）,,,,,,,,,,
,妨,,女,,S,,,ボウ,,,,,さまた-げる,,,,,,
,忘,,心,,,,,ボウ,,,,,わす-れる,,,,,,
,防,,阜,,,,,ボウ,,,,,ふせ-ぐ,,,,,,
,房,,戶,,S,,,ボウ,,,,,ふさ,,,,,,
,肪,,肉,,S,,,ボウ,,,,,,,,,,,
,某,,木,,S,,,ボウ,,,,,,,,,,,
,冒,,冂,,S,,,ボウ,,,,,おか-す,,,,,,
,剖,,刀,,S,,,ボウ,,,,,,,,,,,
,紡,,糸,,S,,,ボウ,,,,,つむ-ぐ,,,,,,
,望,,月,,,,,ボウ,モウ,,,,のぞ-む,,,,,,
,傍,,人,,S,,,ボウ,,,,,かたわ-ら,,,,,,
,帽,,巾,,S,,,ボウ,,,,,,,,,,,
,棒,,木,,,,,ボウ,,,,,,,,,,,
,貿,,貝,,,,,ボウ,,,,,,,,,,,
,貌,,豸,,S,,,ボウ,,,,,,,,,,,
,暴,,日,,,,,ボウ,（バク）,,,,あば-く,あば-れる,,,,,
,膨,,肉,,S,,,ボウ,,,,,ふく-らむ,ふく-れる,,,,,
,謀,,言,,S,,,ボウ,（ム）,,,,はか-る,,,,,,
,頰 ,,頁,,S,,,,,,,,ほお,,,,,,
,北,,匕,,,,,ホク,,,,,きた,,,,,,
,木,,木,,,,,ボク,モク,,,,き,（こ）,,,,,
,朴,,木,,S,,,ボク,,,,,,,,,,,
,牧,,牛,,,,,ボク,,,,,まき,,,,,,
,睦,,目,,S,,,ボク,,,,,,,,,,,
,僕,,人,,S,,,ボク,,,,,,,,,,,
,墨,墨 ,土,,S,,,ボク,,,,,すみ,,,,,,
,撲,,手,,S,,,ボク,,,,,,,,,,,
,没,,水,,S,,,ボツ,,,,,,,,,,,
,勃,,力,,S,,,ボツ,,,,,,,,,,,
,堀,,土,,S,,,,,,,,ほり,,,,,,
,本,,木,,,,,ホン,,,,,もと,,,,,,
,奔,,大,,S,,,ホン,,,,,,,,,,,
,翻,飜,飛,,S,,,ホン,,,,,ひるがえ-る,ひるがえ-す,,,,,
,凡,,几,,S,,,ボン,（ハン）,,,,,,,,,,
,盆,,皿,,S,,,ボン,,,,,,,,,,,
,麻,,麻,,S,,,マ,,,,,あさ,,,,,,
,摩,,手,,S,,,マ,,,,,,,,,,,
,磨,,石,,S,,,マ,,,,,みが-く,,,,,,
,魔,,鬼,,S,,,マ,,,,,,,,,,,
,毎,每,毋,,,,,マイ,,,,,,,,,,,
,妹,,女,,,,,マイ,,,,,いもうと,,,,,,
,枚,,木,,,,,マイ,,,,,,,,,,,
,昧,,日,,S,,,マイ,,,,,,,,,,,
,埋,,土,,S,,,マイ,,,,,う-める,う-まる,う-もれる,,,,
,幕,,巾,,,,,マク,バク,,,,,,,,,,
,膜,,肉,,S,,,マク,,,,,,,,,,,
,枕,,木,,S,,,,,,,,まくら,,,,,,
,又,,又,,S,,,,,,,,また,,,,,,
,末,,木,,,,,マツ,バツ,,,,すえ,,,,,,
,抹,,手,,S,,,マツ,,,,,,,,,,,
,万,萬,艸,,,,,マン,バン,,,,,,,,,,
,満,滿,水,,,,,マン,,,,,み-ちる,み-たす,,,,,
,慢,,心,,S,,,マン,,,,,,,,,,,
,漫,,水,,S,,,マン,,,,,,,,,,,
,未,,木,,,,,ミ,,,,,,,,,,,
,味,,口,,,,,ミ,,,,,あじ,あじ-わう,,,,,
,魅,,鬼,,S,,,ミ,,,,,,,,,,,
,岬,,山,,S,,,,,,,,みさき,,,,,,
,密,,宀,,,,,ミツ,,,,,,,,,,,
,蜜,,虫,,S,,,ミツ,,,,,,,,,,,
,脈,,肉,,,,,ミャク,,,,,,,,,,,
,妙,,女,,S,,,ミョウ,,,,,,,,,,,
,民,,氏,,,,,ミン,,,,,たみ,,,,,,
,眠,,目,,S,,,ミン,,,,,ねむ-る,ねむ-い,,,,,
,矛,,矛,,S,,,ム,,,,,ほこ,,,,,,
,務,,力,,,,,ム,,,,,つと-める,つと-まる,,,,,
,無,,火,,,,,ム,ブ,,,,な-い,,,,,,
,夢,,夕,,,,,ム,,,,,ゆめ,,,,,,
,霧,,雨,,S,,,ム,,,,,きり,,,,,,
,娘,,女,,S,,,,,,,,むすめ,,,,,,
,名,,口,,,,,メイ,ミョウ,,,,な,,,,,,
,命,,口,,,,,メイ,ミョウ,,,,いのち,,,,,,
,明,,日,,,,,メイ,ミョウ,,,,あ-かり,あか-るい,あか-るむ,あか-らむ,あき-らか,あ-ける,
,迷,,辵,,,,,メイ,,,,,まよ-う,,,,,,
,冥,,冖,,S,,,メイ,ミョウ,,,,,,,,,,
,盟,,皿,,,,,メイ,,,,,,,,,,,
,銘,,金,,S,,,メイ,,,,,,,,,,,
,鳴,,鳥,,,,,メイ,,,,,な-く,な-る,な-らす,,,,
,滅,,水,,S,,,メツ,,,,,ほろ-びる,ほろ-ぼす,,,,,
,免,免 ,儿,,S,,,メン,,,,,まぬか-れる,,,,,,
,面,,面,,,,,メン,,,,,おも,おもて,つら,,,,
,綿,,糸,,,,,メン,,,,,わた,,,,,,
,麺,麵,麥,,S,,,メン,,,,,,,,,,,
,茂,,艸,,S,,,モ,,,,,しげ-る,,,,,,
,模,,木,,,,,モ,ボ,,,,,,,,,,
,毛,,毛,,,,,モウ,,,,,け,,,,,,
,妄,,女,,S,,,モウ,ボウ,,,,,,,,,,
,盲,,目,,S,,,モウ,,,,,,,,,,,
,耗,,耒,,S,,,モウ,（コウ）,,,,,,,,,,
,猛,,犬,,S,,,モウ,,,,,,,,,,,
,網,,糸,,S,,,モウ,,,,,あみ,,,,,,
,目,,目,,,,,モク,（ボク）,,,,め,（ま）,,,,,
,黙,默,黑,,S,,,モク,,,,,だま-る,,,,,,
,門,,門,,,,,モン,,,,,かど,,,,,,
,紋,,糸,,S,,,モン,,,,,,,,,,,
,問,,口,,,,,モン,,,,,と-う,と-い,（とん）,,,,
,匁,,勹,,S,,,,,,,,もんめ,,,,,,
,冶,,冫,,S,,,ヤ,,,,,,,,,,,
,夜,,夕,,,,,ヤ,,,,,よ,よる,,,,,
,野,,里,,,,,ヤ,,,,,の,,,,,,
,弥,彌,弓,,S,,,,,,,,や,,,,,,
,厄,,厂,,S,,,ヤク,,,,,,,,,,,
,役,,彳,,,,,ヤク,エキ,,,,,,,,,,
,約,,糸,,,,,ヤク,,,,,,,,,,,
,訳,譯,言,,,,,ヤク,,,,,わけ,,,,,,
,薬,藥,艸,,,,,ヤク,,,,,くすり,,,,,,
,躍,,足,,S,,,ヤク,,,,,おど-る,,,,,,
,闇 ,,門,,S,,,,,,,,やみ,,,,,,
,由,,田,,,,,ユ,ユウ,（ユイ）,,,よし,,,,,,
,油,,水,,,,,ユ,,,,,あぶら,,,,,,
,喩 ,,口,,S,,,ユ,,,,,,,,,,,
,愉,,心,,S,,,ユ,,,,,,,,,,,
,諭,,言,,S,,,ユ,,,,,さと-す,,,,,,
,輸,,車,,,,,ユ,,,,,,,,,,,
,癒,,疒,,S,,,ユ,,,,,い-える,い-やす,,,,,
,唯,,口,,S,,,ユイ,（イ）,,,,,,,,,,
,友,,又,,,,,ユウ,,,,,とも,,,,,,
,有,,月,,,,,ユウ,ウ,,,,あ-る,,,,,,
,勇,,力,,,,,ユウ,,,,,いさ-む,,,,,,
,幽,,幺,,S,,,ユウ,,,,,,,,,,,
,悠,,心,,S,,,ユウ,,,,,,,,,,,
,郵,,邑,,,,,ユウ,,,,,,,,,,,
,湧,,水,,S,,,ユウ,,,,,わ-く,,,,,,
,猶,,犬,,S,,,ユウ,,,,,,,,,,,
,裕,,衣,,S,,,ユウ,,,,,,,,,,,
,遊,,辵,,,,,ユウ,（ユ）,,,,あそ-ぶ,,,,,,
,雄,,隹,,S,,,ユウ,,,,,お,おす,,,,,
,誘,,言,,S,,,ユウ,,,,,さそ-う,,,,,,
,憂,,心,,S,,,ユウ,,,,,うれ-える,うれ-い,う-い,,,,
,融,,虫,,S,,,ユウ,,,,,,,,,,,
,優,,人,,,,,ユウ,,,,,やさ-しい,すぐ-れる,,,,,
,与,與,臼,,S,,,ヨ,,,,,あた-える,,,,,,
,予,豫,豕,,,,,ヨ,,,,,,,,,,,
,余,餘,食,,,,,ヨ,,,,,あま-る,あま-す,,,,,
,誉,譽,言,,S,,,ヨ,,,,,ほま-れ,,,,,,
,預,,頁,,,,,ヨ,,,,,あず-ける,あず-かる,,,,,
,幼,,幺,,,,,ヨウ,,,,,おさな-い,,,,,,
,用,,用,,,,,ヨウ,,,,,もち-いる,,,,,,
,羊,,羊,,,,,ヨウ,,,,,ひつじ,,,,,,
,妖,,女,,S,,,ヨウ,,,,,あや-しい,,,,,,
,洋,,水,,,,,ヨウ,,,,,,,,,,,
,要,,襾,,,,,ヨウ,,,,,かなめ,い-る,,,,,
,容,,宀,,,,,ヨウ,,,,,,,,,,,
,庸,,广,,S,,,ヨウ,,,,,,,,,,,
,揚,,手,,S,,,ヨウ,,,,,あ-げる,あ-がる,,,,,
,揺,搖,手,,S,,,ヨウ,,,,,ゆ-れる,ゆ-る,ゆ-らぐ,ゆ-るぐ,ゆ-する,ゆ-さぶる,ゆ-すぶる
,葉,,艸,,,,,ヨウ,,,,,は,,,,,,
,陽,,阜,,,,,ヨウ,,,,,,,,,,,
,溶,,水,,S,,,ヨウ,,,,,と-ける,と-かす,と-く,,,,
,腰,,肉,,S,,,ヨウ,,,,,こし,,,,,,
,様,樣,木,,,,,ヨウ,,,,,さま,,,,,,
,瘍,,疒,,S,,,ヨウ,,,,,,,,,,,
,踊,,足,,S,,,ヨウ,,,,,おど-る,おど-り,,,,,
,窯,,穴,,S,,,ヨウ,,,,,かま,,,,,,
,養,,食,,,,,ヨウ,,,,,やしな-う,,,,,,
,擁,,手,,S,,,ヨウ,,,,,,,,,,,
,謡,謠,言,,S,,,ヨウ,,,,,うたい,うた-う,,,,,
,曜,,日,,,,,ヨウ,,,,,,,,,,,
,抑,,手,,S,,,ヨク,,,,,おさ-える,,,,,,
,沃,,水,,S,,,ヨク,,,,,,,,,,,
,浴,,水,,,,,ヨク,,,,,あ-びる,あ-びせる,,,,,
,欲,,欠,,,,,ヨク,,,,,ほっ-する,ほ-しい,,,,,
,翌,,羽,,,,,ヨク,,,,,,,,,,,
,翼,,羽,,S,,,ヨク,,,,,つばさ,,,,,,
,拉,,手,,S,,,ラ,,,,,,,,,,,
,裸,,衣,,S,,,ラ,,,,,はだか,,,,,,
,羅,,网,,S,,,ラ,,,,,,,,,,,
,来,來,人,,,,,ライ,,,,,く-る,きた-る,きた-す,,,,
,雷,,雨,,S,,,ライ,,,,,かみなり,,,,,,
,頼,賴,貝,,S,,,ライ,,,,,たの-む,たの-もしい,たよ-る,,,,
,絡,,糸,,S,,,ラク,,,,,から-む,から-まる,から-める,,,,
,落,,艸,,,,,ラク,,,,,お-ちる,お-とす,,,,,
,酪,,酉,,S,,,ラク,,,,,,,,,,,
,辣,,辛,,S,,,ラツ,,,,,,,,,,,
,乱,亂,乙,,,,,ラン,,,,,みだ-れる,みだ-す,,,,,
,卵,,卩,,,,,ラン,,,,,たまご,,,,,,
,覧,覽,見,,,,,ラン,,,,,,,,,,,
,濫,,水,,S,,,ラン,,,,,,,,,,,
,藍,,艸,,S,,,ラン,,,,,あい,,,,,,
,欄,欄 ,木,,S,,,ラン,,,,,,,,,,,
,吏,,口,,S,,,リ,,,,,,,,,,,
,利,,刀,,,,,リ,,,,,き-く,,,,,,
,里,,里,,,,,リ,,,,,さと,,,,,,
,理,,玉,,,,,リ,,,,,,,,,,,
,痢,,疒,,S,,,リ,,,,,,,,,,,
,裏,,衣,,,,,リ,,,,,うら,,,,,,
,履,,尸,,S,,,リ,,,,,は-く,,,,,,
,璃,,玉,,S,,,リ,,,,,,,,,,,
,離,,隹,,S,,,リ,,,,,はな-れる,はな-す,,,,,
,陸,,阜,,,,,リク,,,,,,,,,,,
,立,,立,,,,,リツ,（リュウ）,,,,た-つ,た-てる,,,,,
,律,,彳,,,,,リツ,（リチ）,,,,,,,,,,
,慄,,心,,S,,,リツ,,,,,,,,,,,
,略,,田,,,,,リャク,,,,,,,,,,,
,柳,,木,,S,,,リュウ,,,,,やなぎ,,,,,,
,流,,水,,,,,リュウ,（ル）,,,,なが-れる,なが-す,,,,,
,留,,田,,,,,リュウ,（ル）,,,,と-める,と-まる,,,,,
,竜,龍,龍,,S,,,リュウ,,,,,たつ,,,,,,
,粒,,米,,S,,,リュウ,,,,,つぶ,,,,,,
,隆,隆 ,阜,,S,,,リュウ,,,,,,,,,,,
,硫,,石,,S,,,リュウ,,,,,,,,,,,
,侶,,人,,S,,,リョ,,,,,,,,,,,
,旅,,方,,,,,リョ,,,,,たび,,,,,,
,虜,虜 ,虍,,S,,,リョ,,,,,,,,,,,
,慮,,心,,S,,,リョ,,,,,,,,,,,
,了,,亅,,S,,,リョウ,,,,,,,,,,,
,両,兩,入,,,,,リョウ,,,,,,,,,,,
,良,,艮,,,,,リョウ,,,,,よ-い,,,,,,
,料,,斗,,,,,リョウ,,,,,,,,,,,
,涼,,水,,S,,,リョウ,,,,,すず-しい,すず-む,,,,,
,猟,獵,犬,,S,,,リョウ,,,,,,,,,,,
,陵,,阜,,S,,,リョウ,,,,,みささぎ,,,,,,
,量,,里,,,,,リョウ,,,,,はか-る,,,,,,
,僚,,人,,S,,,リョウ,,,,,,,,,,,
,領,,頁,,,,,リョウ,,,,,,,,,,,
,寮,,宀,,S,,,リョウ,,,,,,,,,,,
,療,,疒,,S,,,リョウ,,,,,,,,,,,
,瞭,,目,,S,,,リョウ,,,,,,,,,,,
,糧,,米,,S,,,リョウ,（ロウ）,,,,かて,,,,,,
,力,,力,,,,,リョク,リキ,,,,ちから,,,,,,
,緑,綠,糸,,,,,リョク,（ロク）,,,,みどり,,,,,,
,林,,木,,,,,リン,,,,,はやし,,,,,,
,厘,,厂,,S,,,リン,,,,,,,,,,,
,倫,,人,,S,,,リン,,,,,,,,,,,
,輪,,車,,,,,リン,,,,,わ,,,,,,
,隣,,阜,,S,,,リン,,,,,とな-る,となり,,,,,
,臨,,臣,,,,,リン,,,,,のぞ-む,,,,,,
,瑠,,玉,,S,,,ル,,,,,,,,,,,
,涙,淚,水,,S,,,ルイ,,,,,なみだ,,,,,,
,累,,糸,,S,,,ルイ,,,,,,,,,,,
,塁,壘,土,,S,,,ルイ,,,,,,,,,,,
,類,類 ,頁,,,,,ルイ,,,,,たぐ-い,,,,,,
,令,,人,,,,,レイ,,,,,,,,,,,
,礼,禮,示,,,,,レイ,ライ,,,,,,,,,,
,冷,,冫,,,,,レイ,,,,,つめ-たい,ひ-える,ひ-や,ひ-やす,ひ-やかす,さ-める,さ-ます
,励,勵,力,,S,,,レイ,,,,,はげ-む,はげ-ます,,,,,
,戻,戾,戶,,S,,,レイ,,,,,もど-す,もど-る,,,,,
,例,,人,,,,,レイ,,,,,たと-える,,,,,,
,鈴,,金,,S,,,レイ,リン,,,,すず,,,,,,
,零,,雨,,S,,,レイ,,,,,,,,,,,
,霊,靈,雨,,S,,,レイ,リョウ,,,,たま,,,,,,
,隷,,隶,,S,,,レイ,,,,,,,,,,,
,齢,齡,齒,,S,,,レイ,,,,,,,,,,,
,麗,,鹿,,S,,,レイ,,,,,うるわ-しい,,,,,,
,暦,曆,日,,S,,,レキ,,,,,こよみ,,,,,,
,歴,歷,止,,,,,レキ,,,,,,,,,,,
,列,,刀,,,,,レツ,,,,,,,,,,,
,劣,,力,,S,,,レツ,,,,,おと-る,,,,,,
,烈,,火,,S,,,レツ,,,,,,,,,,,
,裂,,衣,,S,,,レツ,,,,,さ-く,さ-ける,,,,,
,恋,戀,心,,S,,,レン,,,,,こ-う,こい,こい-しい,,,,
,連,,辵,,,,,レン,,,,,つら-なる,つら-ねる,つ-れる,,,,
,廉,,广,,S,,,レン,,,,,,,,,,,
,練,練 ,糸,,,,,レン,,,,,ね-る,,,,,,
,錬,鍊,金,,S,,,レン,,,,,,,,,,,
,呂,,口,,S,,,ロ,,,,,,,,,,,
,炉,爐,火,,S,,,ロ,,,,,,,,,,,
,賂,,貝,,S,,,ロ,,,,,,,,,,,
,路,,足,,,,,ロ,,,,,じ,,,,,,
,露,,雨,,S,,,ロ,（ロウ）,,,,つゆ,,,,,,
,老,,老,,,,,ロウ,,,,,お-いる,ふ-ける,,,,,
,労,勞,力,,,,,ロウ,,,,,,,,,,,
,弄,,廾,,S,,,ロウ,,,,,もてあそ-ぶ,,,,,,
,郎,郞,邑,,S,,,ロウ,,,,,,,,,,,
,朗,朗 ,月,,,,,ロウ,,,,,ほが-らか,,,,,,
,浪,,水,,S,,,ロウ,,,,,,,,,,,
,廊,廊 ,广,,S,,,ロウ,,,,,,,,,,,
,楼,樓,木,,S,,,ロウ,,,,,,,,,,,
,漏,,水,,S,,,ロウ,,,,,も-る,も-れる,も-らす,,,,
,籠 ,,竹,,S,,,ロウ,,,,,かご,こ-もる,,,,,
,六,,八,,,,,ロク,,,,,む,む-つ,むっ-つ,（むい）,,,
,録,錄,金,,,,,ロク,,,,,,,,,,,
,麓,,鹿,,S,,,ロク,,,,,ふもと,,,,,,
,論,,言,,,,,ロン,,,,,,,,,,,
,和,,口,,,,,ワ,（オ）,,,,やわ-らぐ,やわ-らげる,なご-む,なご-やか,,,
,話,,言,,,,,ワ,,,,,はな-す,はなし,,,,,
,賄,,貝,,S,,,ワイ,,,,,まかな-う,,,,,,
,脇,,肉,,S,,,,,,,,わき,,,,,,
,惑,,心,,S,,,ワク,,,,,まど-う,,,,,,
,枠,,木,,S,,,,,,,,わく,,,,,,
,湾,灣,水,,S,,,ワン,,,,,,,,,,,
,腕,,肉,,S,,,ワン,,,,,うで,,,,,,
